"business_id","name","review_count","stars","appt_only","happy_hour","accepts_credit_cards","good_for_groups","outdoor_seating","price_range","good_for_kids","alcohol","noise_level","has_tv","attire","good_for_dancing","delivery","coat_check","smoking","take_out","takes_reservations","waiter_service","wifi","caters","drive_thru","wheelchair_access","byob","corkage","byobcorkage","order_counter","Good_For_Kids","dogs_allowed","open_24_hrs","accepts_insurance","ages_allowed","romantic","intimate","classy","hipster","divey","touristy","trendy","upscale","casual","dessert","latenight","lunch","dinner","breakfast","brunch","garage","street","validated","lot","valet","dj","background_music","karaoke","live","video","jukebox","playlist","coloring","africanamerican","curly","perms","kids","extensions","asian","straightperms","amex","cash_only","mastercard","visa","discover","dairy.free","gluten.free","vegan","kosher","halal","soy.free","vegetarian"
"I83NNRHZRQZiCPcd9QzC5w","Boulder Station Hotel & Casino",139,3,NA,NA,TRUE,NA,NA,2,FALSE,NA,NA,NA,NA,NA,NA,NA,NA,NA,NA,NA,"paid",NA,NA,NA,NA,NA,NA,NA,NA,NA,NA,NA,NA,NA,NA,NA,NA,NA,NA,NA,NA,NA,NA,NA,NA,NA,NA,NA,NA,NA,NA,NA,NA,NA,NA,NA,NA,NA,NA,NA,NA,NA,NA,NA,NA,NA,NA,NA,NA,NA,NA,NA,NA,NA,NA,NA,NA,NA,NA,NA
"TKE1cyjs9q2PoqMXqEV9Eg","Palace Station Hotel & Casino",352,2.5,NA,NA,TRUE,TRUE,FALSE,2,FALSE,"full_bar","average",TRUE,"casual",NA,FALSE,NA,NA,TRUE,TRUE,TRUE,"free",FALSE,NA,NA,NA,NA,NA,NA,NA,NA,NA,NA,NA,FALSE,FALSE,FALSE,FALSE,FALSE,FALSE,FALSE,FALSE,TRUE,FALSE,FALSE,TRUE,FALSE,TRUE,FALSE,TRUE,FALSE,FALSE,TRUE,TRUE,NA,NA,NA,NA,NA,NA,NA,NA,NA,NA,NA,NA,NA,NA,NA,NA,NA,NA,NA,NA,NA,NA,NA,NA,NA,NA,NA
"9bWrZ702Py5rvXE8sEwfGQ","Eureka Casino",17,3,NA,NA,NA,NA,NA,NA,FALSE,NA,NA,NA,NA,NA,NA,NA,NA,NA,NA,NA,NA,NA,NA,NA,NA,NA,NA,NA,NA,NA,NA,NA,NA,NA,NA,NA,NA,NA,NA,NA,NA,NA,NA,NA,NA,NA,NA,NA,NA,NA,NA,NA,NA,NA,NA,NA,NA,NA,NA,NA,NA,NA,NA,NA,NA,NA,NA,NA,NA,NA,NA,NA,NA,NA,NA,NA,NA,NA,NA,NA
"QHpdgHsFV7AIGjcAfwVJ_Q","Wildfire Casino",14,3.5,NA,NA,NA,NA,NA,NA,FALSE,NA,NA,NA,NA,NA,NA,NA,NA,NA,NA,NA,NA,NA,NA,NA,NA,NA,NA,NA,NA,NA,NA,NA,NA,NA,NA,NA,NA,NA,NA,NA,NA,NA,NA,NA,NA,NA,NA,NA,NA,NA,NA,NA,NA,NA,NA,NA,NA,NA,NA,NA,NA,NA,NA,NA,NA,NA,NA,NA,NA,NA,NA,NA,NA,NA,NA,NA,NA,NA,NA,NA
"nF_mARnVRFQpS3boDNgy_w","Smoke Ranch Junction",6,3.5,NA,NA,TRUE,TRUE,FALSE,1,FALSE,"full_bar",NA,NA,"casual",NA,FALSE,NA,NA,FALSE,FALSE,TRUE,NA,NA,NA,FALSE,NA,NA,NA,NA,NA,NA,NA,NA,NA,NA,NA,NA,NA,NA,NA,NA,NA,NA,NA,NA,NA,NA,NA,NA,FALSE,FALSE,FALSE,FALSE,FALSE,NA,NA,NA,NA,NA,NA,NA,NA,NA,NA,NA,NA,NA,NA,NA,NA,NA,NA,NA,NA,NA,NA,NA,NA,NA,NA,NA
"4W7yfl1ve7mRt_ImUIYE_A","Longhorn Hotel & Casino",71,3.5,NA,NA,TRUE,TRUE,FALSE,1,FALSE,"full_bar","average",FALSE,"casual",NA,FALSE,NA,NA,TRUE,FALSE,TRUE,"free",FALSE,NA,TRUE,NA,NA,NA,NA,NA,NA,NA,NA,NA,FALSE,FALSE,FALSE,FALSE,TRUE,FALSE,FALSE,FALSE,TRUE,FALSE,TRUE,FALSE,TRUE,TRUE,FALSE,FALSE,FALSE,FALSE,TRUE,FALSE,NA,NA,NA,NA,NA,NA,NA,NA,NA,NA,NA,NA,NA,NA,NA,NA,NA,NA,NA,NA,NA,NA,NA,NA,NA,NA,NA
"nAfwI6ygLXLH_LGQH9GbmA","Beano's Casino",23,3.5,NA,NA,TRUE,TRUE,FALSE,1,FALSE,"full_bar","quiet",TRUE,"casual",NA,FALSE,NA,NA,TRUE,FALSE,TRUE,"no",FALSE,NA,TRUE,FALSE,FALSE,"yes_free",NA,NA,NA,NA,NA,NA,FALSE,FALSE,FALSE,FALSE,FALSE,FALSE,FALSE,FALSE,FALSE,FALSE,FALSE,FALSE,FALSE,TRUE,FALSE,FALSE,FALSE,FALSE,TRUE,FALSE,NA,NA,NA,NA,NA,NA,NA,NA,NA,NA,NA,NA,NA,NA,NA,NA,NA,NA,NA,NA,NA,NA,NA,NA,NA,NA,NA
"VYCbveCk-j4UR_aSTuASJA","Village Pub & Casino",37,3.5,NA,TRUE,TRUE,TRUE,FALSE,2,FALSE,"full_bar","average",TRUE,"casual",FALSE,FALSE,FALSE,"yes",TRUE,FALSE,TRUE,"no",TRUE,NA,TRUE,NA,NA,NA,NA,NA,NA,NA,NA,NA,FALSE,FALSE,FALSE,FALSE,FALSE,FALSE,FALSE,FALSE,TRUE,FALSE,FALSE,TRUE,TRUE,TRUE,FALSE,FALSE,FALSE,FALSE,TRUE,FALSE,FALSE,NA,NA,NA,NA,NA,NA,NA,NA,NA,NA,NA,NA,NA,NA,NA,NA,NA,NA,NA,NA,NA,NA,NA,NA,NA,NA
"cuXfotyK8zhjO3vifd9x_Q","Santa Fe Station Hotel & Casino",119,3,NA,NA,TRUE,NA,NA,2,TRUE,NA,NA,NA,NA,NA,NA,NA,NA,NA,NA,NA,"free",NA,NA,NA,NA,NA,NA,NA,NA,NA,NA,NA,NA,NA,NA,NA,NA,NA,NA,NA,NA,NA,NA,NA,NA,NA,NA,NA,NA,NA,NA,NA,NA,NA,NA,NA,NA,NA,NA,NA,NA,NA,NA,NA,NA,NA,NA,NA,NA,NA,NA,NA,NA,NA,NA,NA,NA,NA,NA,NA
"KJnVuzpveyDrHARVNZaYVg","Hooters Casino Hotel",770,2.5,NA,TRUE,TRUE,TRUE,TRUE,2,FALSE,"full_bar","average",TRUE,"casual",FALSE,FALSE,FALSE,"yes",TRUE,FALSE,TRUE,"paid",FALSE,NA,TRUE,FALSE,FALSE,"yes_free",NA,FALSE,NA,NA,NA,NA,FALSE,FALSE,FALSE,FALSE,FALSE,FALSE,FALSE,FALSE,TRUE,FALSE,TRUE,FALSE,FALSE,FALSE,FALSE,TRUE,FALSE,FALSE,TRUE,FALSE,FALSE,TRUE,FALSE,FALSE,FALSE,FALSE,NA,NA,NA,NA,NA,NA,NA,NA,NA,NA,NA,NA,NA,NA,NA,NA,NA,NA,NA,NA,NA
"i285zrPHVijXvLrlEKjVsA","King Tut's Pub & Poker",4,4,NA,NA,TRUE,TRUE,FALSE,NA,NA,"full_bar",NA,NA,NA,NA,NA,NA,"yes",NA,NA,NA,NA,NA,NA,TRUE,NA,NA,NA,NA,NA,NA,NA,NA,NA,NA,NA,NA,NA,NA,NA,NA,NA,NA,NA,NA,NA,NA,NA,NA,FALSE,FALSE,FALSE,FALSE,FALSE,FALSE,NA,NA,TRUE,FALSE,TRUE,NA,NA,NA,NA,NA,NA,NA,NA,NA,NA,NA,NA,NA,NA,NA,NA,NA,NA,NA,NA,NA
"Q5pTGQKEhxgit1fwgrHEbg","Binion's Hotel & Casino",132,3,NA,TRUE,TRUE,TRUE,FALSE,1,FALSE,"full_bar","average",TRUE,"casual",FALSE,FALSE,FALSE,"yes",FALSE,TRUE,TRUE,"no",FALSE,NA,NA,NA,NA,NA,NA,NA,NA,NA,NA,NA,FALSE,FALSE,FALSE,FALSE,FALSE,FALSE,FALSE,FALSE,TRUE,FALSE,FALSE,FALSE,FALSE,FALSE,TRUE,FALSE,FALSE,FALSE,TRUE,FALSE,FALSE,TRUE,FALSE,FALSE,FALSE,FALSE,NA,NA,NA,NA,NA,NA,NA,NA,NA,NA,NA,NA,NA,NA,NA,NA,NA,NA,NA,NA,NA
"9Vr8jxyP6eP9HQcEbg1awg","Golden Gate Hotel & Casino",223,3.5,NA,NA,TRUE,NA,NA,1,FALSE,NA,NA,NA,NA,NA,NA,NA,NA,NA,NA,NA,"paid",NA,NA,NA,NA,NA,NA,NA,NA,NA,NA,NA,NA,NA,NA,NA,NA,NA,NA,NA,NA,NA,NA,NA,NA,NA,NA,NA,NA,NA,NA,NA,NA,NA,NA,NA,NA,NA,NA,NA,NA,NA,NA,NA,NA,NA,NA,NA,NA,NA,NA,NA,NA,NA,NA,NA,NA,NA,NA,NA
"6shqJmyrhI3noyh2_C8fNA","Western Hotel & Bingo Parlor",12,3,NA,NA,NA,NA,NA,1,FALSE,NA,NA,NA,NA,NA,NA,NA,NA,NA,NA,NA,NA,NA,NA,NA,NA,NA,NA,NA,NA,NA,NA,NA,NA,NA,NA,NA,NA,NA,NA,NA,NA,NA,NA,NA,NA,NA,NA,NA,NA,NA,NA,NA,NA,NA,NA,NA,NA,NA,NA,NA,NA,NA,NA,NA,NA,NA,NA,NA,NA,NA,NA,NA,NA,NA,NA,NA,NA,NA,NA,NA
"ltVxtOziyDXMlnZzWPL7TA","Gold Spike Hotel & Casino",88,3.5,NA,NA,TRUE,NA,NA,1,FALSE,NA,NA,NA,NA,NA,NA,NA,NA,NA,NA,NA,"free",NA,NA,NA,NA,NA,NA,NA,NA,FALSE,NA,NA,NA,NA,NA,NA,NA,NA,NA,NA,NA,NA,NA,NA,NA,NA,NA,NA,NA,NA,NA,NA,NA,NA,NA,NA,NA,NA,NA,NA,NA,NA,NA,NA,NA,NA,NA,NA,NA,NA,NA,NA,NA,NA,NA,NA,NA,NA,NA,NA
"hMX4U1Ie3_PLCOQM2-BnDQ","The California Hotel & Casino",252,3.5,NA,NA,TRUE,NA,NA,2,FALSE,NA,NA,NA,NA,NA,NA,NA,NA,NA,NA,NA,"paid",NA,NA,NA,NA,NA,NA,NA,NA,NA,NA,NA,NA,NA,NA,NA,NA,NA,NA,NA,NA,NA,NA,NA,NA,NA,NA,NA,NA,NA,NA,NA,NA,NA,NA,NA,NA,NA,NA,NA,NA,NA,NA,NA,NA,NA,NA,NA,NA,NA,NA,NA,NA,NA,NA,NA,NA,NA,NA,NA
"waW8k-4ebmByGUJtndmnJQ","Fremont Hotel & Casino",149,3,NA,NA,TRUE,TRUE,FALSE,2,FALSE,"full_bar","average",TRUE,"casual",NA,FALSE,NA,NA,TRUE,TRUE,TRUE,"paid",FALSE,NA,NA,NA,NA,NA,NA,NA,NA,NA,NA,NA,FALSE,FALSE,FALSE,FALSE,FALSE,TRUE,FALSE,FALSE,TRUE,FALSE,FALSE,FALSE,FALSE,FALSE,FALSE,FALSE,FALSE,FALSE,FALSE,TRUE,NA,NA,NA,NA,NA,NA,NA,NA,NA,NA,NA,NA,NA,NA,NA,NA,NA,NA,NA,NA,NA,NA,NA,NA,NA,NA,NA
"YuS7tA9VkXwgywis4TMspg","Four Queens Hotel & Casino",240,2.5,NA,NA,TRUE,TRUE,FALSE,2,FALSE,"full_bar","loud",TRUE,"casual",NA,TRUE,NA,NA,TRUE,TRUE,TRUE,"paid",FALSE,NA,NA,NA,NA,NA,NA,NA,NA,NA,NA,NA,FALSE,FALSE,FALSE,FALSE,FALSE,FALSE,FALSE,FALSE,TRUE,FALSE,FALSE,FALSE,FALSE,FALSE,FALSE,TRUE,FALSE,FALSE,FALSE,FALSE,NA,NA,NA,NA,NA,NA,NA,NA,NA,NA,NA,NA,NA,NA,NA,NA,NA,NA,NA,NA,NA,NA,NA,NA,NA,NA,NA
"1bnte8O-rO_RcRlp9y2u7Q","El Cortez Hotel & Casino",298,3,NA,NA,TRUE,NA,NA,1,FALSE,NA,NA,NA,NA,NA,NA,NA,NA,NA,NA,NA,"paid",NA,NA,NA,NA,NA,NA,NA,NA,FALSE,NA,NA,NA,NA,NA,NA,NA,NA,NA,NA,NA,NA,NA,NA,NA,NA,NA,NA,NA,NA,NA,NA,NA,NA,NA,NA,NA,NA,NA,NA,NA,NA,NA,NA,NA,NA,NA,NA,NA,NA,NA,NA,NA,NA,NA,NA,NA,NA,NA,NA
"OUpcKYGbVYgSS1Oo7aQ56Q","Golden Nugget Hotel & Casino",989,3.5,NA,NA,TRUE,TRUE,TRUE,2,FALSE,"full_bar","average",TRUE,"casual",NA,TRUE,NA,NA,TRUE,TRUE,TRUE,"paid",TRUE,NA,TRUE,NA,NA,NA,NA,NA,NA,NA,NA,NA,FALSE,FALSE,TRUE,FALSE,FALSE,TRUE,FALSE,FALSE,FALSE,FALSE,TRUE,FALSE,TRUE,FALSE,FALSE,TRUE,FALSE,FALSE,FALSE,FALSE,NA,NA,NA,NA,NA,NA,NA,NA,NA,NA,NA,NA,NA,NA,NA,NA,NA,NA,NA,NA,NA,NA,NA,NA,NA,NA,NA
"15JT2xhzP_R96mT6rK882A","La Bayou Casino",44,3.5,NA,TRUE,TRUE,TRUE,FALSE,2,FALSE,NA,NA,TRUE,"casual",FALSE,FALSE,NA,NA,TRUE,FALSE,NA,NA,NA,NA,NA,NA,NA,NA,NA,NA,NA,NA,NA,NA,FALSE,FALSE,FALSE,FALSE,TRUE,FALSE,FALSE,FALSE,FALSE,FALSE,FALSE,FALSE,FALSE,FALSE,FALSE,NA,NA,NA,NA,NA,NA,NA,NA,NA,NA,NA,NA,NA,NA,NA,NA,NA,NA,NA,NA,NA,NA,NA,NA,NA,NA,NA,NA,NA,NA,NA,NA
"fRb2pObaOLUI4CgVVXnm4Q","Fitzgeralds Casino & Hotel",87,3,NA,NA,TRUE,NA,NA,1,FALSE,NA,NA,NA,NA,NA,NA,NA,NA,NA,NA,NA,"paid",NA,NA,NA,NA,NA,NA,NA,NA,NA,NA,NA,NA,NA,NA,NA,NA,NA,NA,NA,NA,NA,NA,NA,NA,NA,NA,NA,NA,NA,NA,NA,NA,NA,NA,NA,NA,NA,NA,NA,NA,NA,NA,NA,NA,NA,NA,NA,NA,NA,NA,NA,NA,NA,NA,NA,NA,NA,NA,NA
"Ss7rZpNaKRWs4Wkq_tHuTA","Sam's Town Hotel & Gambling Hall",227,3.5,NA,NA,TRUE,NA,NA,1,TRUE,NA,NA,NA,NA,NA,NA,NA,NA,NA,NA,NA,"paid",NA,NA,NA,NA,NA,NA,NA,NA,NA,NA,NA,NA,NA,NA,NA,NA,NA,NA,NA,NA,NA,NA,NA,NA,NA,NA,NA,NA,NA,NA,NA,NA,NA,NA,NA,NA,NA,NA,NA,NA,NA,NA,NA,NA,NA,NA,NA,NA,NA,NA,NA,NA,NA,NA,NA,NA,NA,NA,NA
"Akxcs8o9UJmBI67n85bxOQ","Lady Luck Casino & Hotel",6,2.5,NA,NA,TRUE,NA,NA,1,FALSE,NA,NA,NA,NA,NA,NA,NA,NA,NA,NA,NA,NA,NA,NA,NA,NA,NA,NA,NA,NA,NA,NA,NA,NA,NA,NA,NA,NA,NA,NA,NA,NA,NA,NA,NA,NA,NA,NA,NA,NA,NA,NA,NA,NA,NA,NA,NA,NA,NA,NA,NA,NA,NA,NA,NA,NA,NA,NA,NA,NA,NA,NA,NA,NA,NA,NA,NA,NA,NA,NA,NA
"t0yVlH_n9_eEZskHwr5cnQ","Gold Coast Hotel & Casino",280,3.5,FALSE,NA,TRUE,NA,NA,2,FALSE,NA,NA,NA,NA,NA,NA,NA,NA,NA,NA,NA,"paid",NA,NA,TRUE,NA,NA,NA,NA,NA,NA,NA,NA,NA,NA,NA,NA,NA,NA,NA,NA,NA,NA,NA,NA,NA,NA,NA,NA,TRUE,FALSE,FALSE,FALSE,FALSE,NA,NA,NA,NA,NA,NA,NA,NA,NA,NA,NA,NA,NA,NA,NA,NA,NA,NA,NA,NA,NA,NA,NA,NA,NA,NA,NA
"8IMEf_cj8KyTQojhNOyoPg","Rio All Suites Hotel & Casino",1106,3,NA,NA,TRUE,TRUE,FALSE,2,FALSE,"full_bar","average",TRUE,"casual",NA,FALSE,NA,NA,TRUE,TRUE,TRUE,"paid",FALSE,NA,TRUE,NA,NA,NA,NA,NA,NA,NA,NA,NA,FALSE,FALSE,FALSE,FALSE,FALSE,TRUE,FALSE,FALSE,TRUE,TRUE,TRUE,TRUE,TRUE,FALSE,FALSE,TRUE,FALSE,FALSE,FALSE,FALSE,NA,NA,NA,NA,NA,NA,NA,NA,NA,NA,NA,NA,NA,NA,NA,NA,NA,NA,NA,NA,NA,NA,NA,NA,NA,NA,NA
"xR1euuA0Vksp3g-lh3H24g","Golden Palm Casino & Hotel",5,2,NA,NA,TRUE,NA,NA,1,FALSE,NA,NA,NA,NA,NA,NA,NA,NA,NA,NA,NA,"no",NA,NA,NA,NA,NA,NA,NA,NA,NA,NA,NA,NA,NA,NA,NA,NA,NA,NA,NA,NA,NA,NA,NA,NA,NA,NA,NA,NA,NA,NA,NA,NA,NA,NA,NA,NA,NA,NA,NA,NA,NA,NA,NA,NA,NA,NA,NA,NA,NA,NA,NA,NA,NA,NA,NA,NA,NA,NA,NA
"G0nUhYF2q4tnoOPwCjXLig","Excalibur Hotel",1428,2.5,NA,NA,TRUE,TRUE,TRUE,2,TRUE,"full_bar",NA,NA,"casual",NA,TRUE,NA,NA,FALSE,TRUE,TRUE,"no",NA,NA,TRUE,NA,NA,"yes_free",NA,NA,NA,NA,NA,NA,NA,NA,NA,NA,NA,NA,NA,NA,NA,FALSE,FALSE,FALSE,FALSE,FALSE,FALSE,TRUE,FALSE,FALSE,TRUE,FALSE,NA,NA,NA,NA,NA,NA,NA,NA,NA,NA,NA,NA,NA,NA,NA,NA,NA,NA,NA,NA,NA,NA,NA,NA,NA,NA,NA
"65EJzWvIUnE1YwpfW6Jl1Q","Harrah's Las Vegas Hotel & Casino",685,3,NA,NA,TRUE,NA,NA,2,FALSE,NA,NA,NA,NA,NA,NA,NA,NA,NA,NA,NA,"paid",NA,NA,NA,NA,NA,NA,NA,NA,NA,NA,NA,NA,NA,NA,NA,NA,NA,NA,NA,NA,NA,NA,NA,NA,NA,NA,NA,NA,NA,NA,NA,NA,NA,NA,NA,NA,NA,NA,NA,NA,NA,NA,NA,NA,NA,NA,NA,NA,NA,NA,NA,NA,NA,NA,NA,NA,NA,NA,NA
"WT-v-DgQvW38DewVyTLdTA","Circus Circus Las Vegas Hotel and Casino",1055,2.5,NA,NA,TRUE,TRUE,FALSE,2,TRUE,"full_bar","very_loud",TRUE,"casual",NA,FALSE,NA,NA,FALSE,TRUE,FALSE,"free",FALSE,NA,NA,NA,NA,NA,NA,NA,NA,NA,NA,NA,FALSE,FALSE,FALSE,FALSE,FALSE,TRUE,FALSE,FALSE,TRUE,FALSE,FALSE,TRUE,FALSE,TRUE,TRUE,TRUE,FALSE,FALSE,FALSE,FALSE,NA,NA,NA,NA,NA,NA,NA,NA,NA,NA,NA,NA,NA,NA,NA,NA,NA,NA,NA,NA,NA,NA,NA,NA,NA,NA,NA
"Ipokf_0v2tYVo62-rGRNSQ","Westward Ho Hotel & Casino",4,3.5,NA,NA,NA,NA,NA,1,FALSE,NA,NA,NA,NA,NA,NA,NA,NA,NA,NA,NA,NA,NA,NA,NA,NA,NA,NA,NA,NA,NA,NA,NA,NA,NA,NA,NA,NA,NA,NA,NA,NA,NA,NA,NA,NA,NA,NA,NA,NA,NA,NA,NA,NA,NA,NA,NA,NA,NA,NA,NA,NA,NA,NA,NA,NA,NA,NA,NA,NA,NA,NA,NA,NA,NA,NA,NA,NA,NA,NA,NA
"51Yp5heCr8QHlZXBjeWzkg","Sonny's Saloon & Casino",8,3.5,NA,TRUE,NA,TRUE,FALSE,1,FALSE,NA,NA,NA,NA,NA,NA,NA,"yes",NA,NA,NA,NA,NA,NA,NA,NA,NA,NA,NA,NA,NA,NA,NA,NA,NA,NA,NA,NA,NA,NA,NA,NA,NA,NA,NA,NA,NA,NA,NA,FALSE,FALSE,FALSE,FALSE,FALSE,FALSE,NA,NA,FALSE,NA,TRUE,NA,NA,NA,NA,NA,NA,NA,NA,NA,NA,NA,NA,NA,NA,NA,NA,NA,NA,NA,NA,NA
"i2p6B6YPdh1SUyRlcGALaQ","Stardust Resort & Casino",12,3,NA,NA,NA,NA,NA,1,FALSE,NA,NA,NA,NA,NA,NA,NA,NA,NA,NA,NA,NA,NA,NA,NA,NA,NA,NA,NA,NA,NA,NA,NA,NA,NA,NA,NA,NA,NA,NA,NA,NA,NA,NA,NA,NA,NA,NA,NA,NA,NA,NA,NA,NA,NA,NA,NA,NA,NA,NA,NA,NA,NA,NA,NA,NA,NA,NA,NA,NA,NA,NA,NA,NA,NA,NA,NA,NA,NA,NA,NA
"u9wjRhUjySkHPa_hG3kFOg","Wynn Las Vegas",1661,4,NA,NA,TRUE,NA,NA,3,FALSE,NA,NA,NA,NA,NA,NA,NA,NA,NA,NA,NA,"paid",NA,NA,NA,NA,NA,NA,NA,NA,NA,NA,NA,NA,NA,NA,NA,NA,NA,NA,NA,NA,NA,NA,NA,NA,NA,NA,NA,NA,NA,NA,NA,NA,NA,NA,NA,NA,NA,NA,NA,NA,NA,NA,NA,NA,NA,NA,NA,NA,NA,NA,NA,NA,NA,NA,NA,NA,NA,NA,NA
"X4CnrlflZBDMRzSPWfMBaQ","Terrible's Hotel & Casino",172,3,NA,NA,TRUE,TRUE,FALSE,1,FALSE,"full_bar","average",TRUE,"casual",NA,FALSE,NA,NA,TRUE,TRUE,TRUE,"no",TRUE,NA,NA,NA,NA,NA,NA,NA,NA,NA,NA,NA,FALSE,FALSE,FALSE,FALSE,TRUE,FALSE,FALSE,FALSE,TRUE,FALSE,TRUE,TRUE,TRUE,TRUE,FALSE,TRUE,FALSE,FALSE,TRUE,TRUE,NA,NA,NA,NA,NA,NA,NA,NA,NA,NA,NA,NA,NA,NA,NA,NA,NA,NA,NA,NA,NA,NA,NA,NA,NA,NA,NA
"tqu42L0qXzkvYKSruOz0IA","Ellis Island Casino & Brewery",1229,4,NA,TRUE,TRUE,TRUE,TRUE,1,FALSE,"full_bar","average",TRUE,"casual",FALSE,FALSE,FALSE,"yes",FALSE,FALSE,TRUE,"no",FALSE,NA,TRUE,FALSE,NA,"no",NA,TRUE,FALSE,NA,NA,NA,FALSE,FALSE,FALSE,FALSE,FALSE,FALSE,FALSE,FALSE,TRUE,FALSE,FALSE,FALSE,TRUE,TRUE,FALSE,TRUE,FALSE,FALSE,TRUE,FALSE,FALSE,NA,NA,FALSE,FALSE,TRUE,NA,NA,NA,NA,NA,NA,NA,NA,NA,NA,NA,NA,NA,NA,NA,NA,NA,NA,NA,NA,NA
"NavcBip2CJFK1yEjnu3HFA","Slots A Fun",104,3,NA,NA,TRUE,NA,NA,1,FALSE,NA,NA,NA,NA,NA,NA,NA,NA,NA,NA,NA,"no",NA,NA,NA,NA,NA,NA,NA,NA,NA,NA,NA,NA,NA,NA,NA,NA,NA,NA,NA,NA,NA,NA,NA,NA,NA,NA,NA,NA,NA,NA,NA,NA,NA,NA,NA,NA,NA,NA,NA,NA,NA,NA,NA,NA,NA,NA,NA,NA,NA,NA,NA,NA,NA,NA,NA,NA,NA,NA,NA
"5famXrh9_SJI68sjaX0StA","Greek Isles Hotel & Casino",7,3.5,NA,NA,NA,NA,NA,1,FALSE,NA,NA,NA,NA,NA,NA,NA,NA,NA,NA,NA,NA,NA,NA,NA,NA,NA,NA,NA,NA,NA,NA,NA,NA,NA,NA,NA,NA,NA,NA,NA,NA,NA,NA,NA,NA,NA,NA,NA,NA,NA,NA,NA,NA,NA,NA,NA,NA,NA,NA,NA,NA,NA,NA,NA,NA,NA,NA,NA,NA,NA,NA,NA,NA,NA,NA,NA,NA,NA,NA,NA
"Zf7fMSe7yuW727JyikdBsg","Riviera Hotel & Casino",729,2.5,NA,NA,TRUE,TRUE,TRUE,2,FALSE,"full_bar","average",TRUE,"casual",NA,TRUE,NA,NA,FALSE,TRUE,TRUE,"free",TRUE,NA,TRUE,NA,NA,NA,NA,NA,TRUE,NA,NA,NA,FALSE,FALSE,FALSE,FALSE,TRUE,FALSE,FALSE,FALSE,FALSE,FALSE,TRUE,FALSE,FALSE,FALSE,FALSE,TRUE,FALSE,FALSE,FALSE,TRUE,NA,NA,NA,NA,NA,NA,NA,NA,NA,NA,NA,NA,NA,NA,NA,NA,NA,NA,NA,NA,NA,NA,NA,NA,NA,NA,NA
"WlPC7CgC0GX5PXYO1NBG8A","Aladdin Hotel & Casino",38,3.5,NA,NA,NA,NA,NA,NA,NA,NA,NA,NA,NA,NA,NA,NA,NA,NA,NA,NA,NA,NA,NA,NA,NA,NA,NA,NA,NA,NA,NA,NA,NA,NA,NA,NA,NA,NA,NA,NA,NA,NA,NA,NA,NA,NA,NA,NA,NA,NA,NA,NA,NA,NA,NA,NA,NA,NA,NA,NA,NA,NA,NA,NA,NA,NA,NA,NA,NA,NA,NA,NA,NA,NA,NA,NA,NA,NA,NA,NA
"YQUi5zzpACd0tgGQtcKyYg","Best Western Plus Casino Royale & Hotel",227,3.5,NA,NA,TRUE,NA,NA,1,FALSE,NA,NA,NA,NA,NA,NA,NA,NA,NA,NA,NA,"free",NA,NA,NA,NA,NA,NA,NA,NA,NA,NA,NA,NA,NA,NA,NA,NA,NA,NA,NA,NA,NA,NA,NA,NA,NA,NA,NA,NA,NA,NA,NA,NA,NA,NA,NA,NA,NA,NA,NA,NA,NA,NA,NA,NA,NA,NA,NA,NA,NA,NA,NA,NA,NA,NA,NA,NA,NA,NA,NA
"LeZvUoCSpJ55pYL25aMozQ","Barbary Coast Hotel & Casino",21,4,NA,NA,NA,NA,NA,1,FALSE,NA,NA,NA,NA,NA,NA,NA,NA,NA,NA,NA,NA,NA,NA,NA,NA,NA,NA,NA,NA,NA,NA,NA,NA,NA,NA,NA,NA,NA,NA,NA,NA,NA,NA,NA,NA,NA,NA,NA,NA,NA,NA,NA,NA,NA,NA,NA,NA,NA,NA,NA,NA,NA,NA,NA,NA,NA,NA,NA,NA,NA,NA,NA,NA,NA,NA,NA,NA,NA,NA,NA
"INxjgYJk1vrqIo3XpP2zxA","Hotel San Remo",5,2.5,NA,NA,NA,NA,NA,NA,NA,NA,NA,NA,NA,NA,NA,NA,NA,NA,NA,NA,NA,NA,NA,NA,NA,NA,NA,NA,NA,NA,NA,NA,NA,NA,NA,NA,NA,NA,NA,NA,NA,NA,NA,NA,NA,NA,NA,NA,NA,NA,NA,NA,NA,NA,NA,NA,NA,NA,NA,NA,NA,NA,NA,NA,NA,NA,NA,NA,NA,NA,NA,NA,NA,NA,NA,NA,NA,NA,NA,NA
"_YqGfxbalxxMf-s0v8-qSA","Aladdin Resort & Casino",3,3.5,NA,NA,NA,NA,NA,NA,NA,NA,NA,NA,NA,NA,NA,NA,NA,NA,NA,NA,NA,NA,NA,NA,NA,NA,NA,NA,NA,NA,NA,NA,NA,NA,NA,NA,NA,NA,NA,NA,NA,NA,NA,NA,NA,NA,NA,NA,NA,NA,NA,NA,NA,NA,NA,NA,NA,NA,NA,NA,NA,NA,NA,NA,NA,NA,NA,NA,NA,NA,NA,NA,NA,NA,NA,NA,NA,NA,NA,NA
"3rwM9fPYPk9qDkEBOhyHbg","Tuscany Hotel & Casino",334,3.5,NA,NA,TRUE,NA,NA,2,TRUE,NA,NA,NA,NA,NA,NA,NA,NA,NA,NA,NA,"paid",NA,NA,NA,NA,NA,NA,NA,NA,NA,NA,NA,NA,NA,NA,NA,NA,NA,NA,NA,NA,NA,NA,FALSE,FALSE,FALSE,FALSE,NA,NA,NA,NA,NA,NA,NA,NA,NA,NA,NA,NA,NA,NA,NA,NA,NA,NA,NA,NA,NA,NA,NA,NA,NA,NA,NA,NA,NA,NA,NA,NA,NA
"RP7ra_AYbUNbpm0jF2SngA","Klondike Hotel & Casino",3,2.5,NA,NA,NA,NA,NA,1,FALSE,NA,NA,NA,NA,NA,NA,NA,NA,NA,NA,NA,NA,NA,NA,NA,NA,NA,NA,NA,NA,NA,NA,NA,NA,NA,NA,NA,NA,NA,NA,NA,NA,NA,NA,NA,NA,NA,NA,NA,NA,NA,NA,NA,NA,NA,NA,NA,NA,NA,NA,NA,NA,NA,NA,NA,NA,NA,NA,NA,NA,NA,NA,NA,NA,NA,NA,NA,NA,NA,NA,NA
"6sqAj_mXmYkZ3UKsyRGGHQ","Las Vegas Club Hotel & Casino",93,2,NA,NA,TRUE,FALSE,NA,1,FALSE,"full_bar","average",TRUE,"casual",NA,NA,NA,NA,NA,TRUE,NA,"paid",NA,NA,TRUE,NA,NA,NA,NA,NA,NA,NA,NA,NA,FALSE,FALSE,FALSE,FALSE,FALSE,FALSE,FALSE,FALSE,FALSE,NA,NA,NA,NA,NA,NA,FALSE,FALSE,FALSE,FALSE,FALSE,NA,NA,NA,NA,NA,NA,NA,NA,NA,NA,NA,NA,NA,NA,NA,NA,NA,NA,NA,NA,NA,NA,NA,NA,NA,NA,NA
"l2rEBS7iKgIteBe0KgB5Ng","Silverton Casino",247,3.5,NA,NA,TRUE,NA,NA,2,TRUE,NA,NA,NA,"casual",NA,NA,NA,NA,NA,NA,NA,"free",NA,NA,NA,NA,NA,NA,NA,NA,NA,NA,NA,NA,NA,NA,NA,NA,NA,NA,NA,NA,NA,FALSE,FALSE,FALSE,FALSE,FALSE,FALSE,FALSE,FALSE,FALSE,FALSE,FALSE,NA,NA,NA,NA,NA,NA,NA,NA,NA,NA,NA,NA,NA,NA,NA,NA,NA,NA,NA,NA,NA,NA,NA,NA,NA,NA,NA
"opvBavoTDGUwnyP8JzkyQg","Rampart Casino",48,3,NA,NA,NA,NA,NA,NA,FALSE,NA,NA,NA,NA,NA,NA,NA,NA,NA,NA,NA,NA,NA,NA,NA,NA,NA,NA,NA,NA,NA,NA,NA,NA,NA,NA,NA,NA,NA,NA,NA,NA,NA,NA,NA,NA,NA,NA,NA,NA,NA,NA,NA,NA,NA,NA,NA,NA,NA,NA,NA,NA,NA,NA,NA,NA,NA,NA,NA,NA,NA,NA,NA,NA,NA,NA,NA,NA,NA,NA,NA
"jrJgVpJYhhQ9U1AZTBvnkA","Suncoast Hotel & Casino",175,3.5,NA,NA,TRUE,NA,NA,2,FALSE,NA,NA,NA,NA,NA,NA,NA,NA,NA,NA,NA,"paid",NA,NA,NA,NA,NA,NA,NA,NA,NA,NA,NA,NA,NA,NA,NA,NA,NA,NA,NA,NA,NA,NA,NA,NA,NA,NA,NA,NA,NA,NA,NA,NA,NA,NA,NA,NA,NA,NA,NA,NA,NA,NA,NA,NA,NA,NA,NA,NA,NA,NA,NA,NA,NA,NA,NA,NA,NA,NA,NA
"ynK2ljcx5S1qSxouBrN5Xg","Stratosphere",872,3,NA,NA,TRUE,NA,NA,2,TRUE,NA,NA,NA,NA,NA,NA,NA,NA,NA,NA,NA,"paid",NA,NA,NA,NA,NA,NA,NA,NA,FALSE,NA,NA,NA,NA,NA,NA,NA,NA,NA,NA,NA,NA,NA,NA,NA,NA,NA,NA,NA,NA,NA,NA,NA,NA,NA,NA,NA,NA,NA,NA,NA,NA,NA,NA,NA,NA,NA,NA,NA,NA,NA,NA,NA,NA,NA,NA,NA,NA,NA,NA
"lddbHJKgFvnVWabK-M8TPA","Orleans Hotel & Casino",550,3.5,NA,TRUE,TRUE,TRUE,FALSE,2,TRUE,"full_bar","average",TRUE,"casual",FALSE,FALSE,FALSE,"yes",FALSE,TRUE,FALSE,"free",TRUE,NA,TRUE,NA,NA,NA,NA,NA,NA,NA,NA,NA,FALSE,FALSE,FALSE,FALSE,FALSE,FALSE,FALSE,FALSE,TRUE,TRUE,FALSE,FALSE,FALSE,FALSE,FALSE,TRUE,FALSE,FALSE,TRUE,FALSE,FALSE,TRUE,FALSE,TRUE,FALSE,FALSE,NA,NA,NA,NA,NA,NA,NA,NA,NA,NA,NA,NA,NA,NA,NA,NA,NA,NA,NA,NA,NA
"tbTc7094zwIYAtU-0NkU4w","Palms Casino Resort",745,3.5,NA,NA,TRUE,TRUE,TRUE,2,FALSE,"full_bar",NA,NA,"casual",NA,FALSE,NA,NA,TRUE,TRUE,TRUE,"free",NA,NA,TRUE,NA,NA,NA,NA,NA,NA,NA,NA,NA,NA,NA,NA,NA,NA,NA,NA,NA,NA,FALSE,TRUE,FALSE,FALSE,FALSE,FALSE,TRUE,FALSE,FALSE,FALSE,TRUE,NA,NA,NA,NA,NA,NA,NA,NA,NA,NA,NA,NA,NA,NA,NA,NA,NA,NA,NA,NA,NA,NA,NA,NA,NA,NA,NA
"-7yF42k0CcJhtPw51oaOqQ","Bellagio Hotel",1710,4,NA,NA,TRUE,TRUE,TRUE,3,FALSE,"full_bar",NA,NA,"casual",NA,FALSE,NA,NA,TRUE,NA,TRUE,"free",NA,NA,TRUE,NA,NA,NA,NA,NA,NA,NA,NA,NA,NA,NA,NA,NA,NA,NA,NA,NA,NA,FALSE,FALSE,TRUE,FALSE,TRUE,FALSE,TRUE,FALSE,FALSE,FALSE,TRUE,NA,NA,NA,NA,NA,NA,NA,NA,NA,NA,NA,NA,NA,NA,NA,NA,NA,NA,NA,NA,NA,NA,NA,NA,NA,NA,NA
"HMr_KN63f6MzM9h8Wije3Q","New York - New York",1080,3.5,NA,NA,TRUE,NA,NA,2,TRUE,NA,NA,NA,NA,NA,NA,NA,NA,NA,NA,NA,"free",NA,NA,NA,NA,NA,NA,NA,NA,NA,NA,NA,NA,NA,NA,NA,NA,NA,NA,NA,NA,NA,NA,NA,NA,NA,NA,NA,NA,NA,NA,NA,NA,NA,NA,NA,NA,NA,NA,NA,NA,NA,NA,NA,NA,NA,NA,NA,NA,NA,NA,NA,NA,NA,NA,NA,NA,NA,NA,NA
"RbkLrCFa2AL1K25GCnNK8A","LVH - Las Vegas Hotel & Casino",938,2.5,NA,NA,TRUE,TRUE,TRUE,2,FALSE,"full_bar","average",TRUE,"casual",NA,FALSE,NA,NA,FALSE,TRUE,TRUE,"paid",FALSE,NA,TRUE,NA,NA,NA,NA,TRUE,FALSE,NA,NA,NA,FALSE,FALSE,FALSE,FALSE,TRUE,FALSE,FALSE,FALSE,TRUE,FALSE,FALSE,FALSE,TRUE,FALSE,FALSE,TRUE,FALSE,FALSE,FALSE,FALSE,NA,NA,NA,NA,NA,NA,NA,NA,NA,NA,NA,NA,NA,NA,NA,NA,NA,NA,NA,NA,NA,NA,NA,NA,NA,NA,NA
"bYhpy9u8fKkGhYHtvYXazQ","Paris Las Vegas Hotel & Casino",1282,3,NA,NA,TRUE,TRUE,TRUE,2,FALSE,"full_bar",NA,NA,"casual",NA,FALSE,NA,NA,TRUE,TRUE,TRUE,"paid",NA,NA,TRUE,NA,NA,NA,NA,NA,NA,NA,NA,NA,NA,NA,NA,NA,NA,NA,NA,NA,NA,FALSE,FALSE,TRUE,TRUE,TRUE,TRUE,TRUE,FALSE,FALSE,FALSE,TRUE,NA,NA,NA,NA,NA,NA,NA,NA,NA,NA,NA,NA,NA,NA,NA,NA,NA,NA,NA,NA,NA,NA,NA,NA,NA,NA,NA
"ripCiWZ0MblMZSLrIKQAKA","Monte Carlo Hotel And Casino",1368,3,NA,NA,TRUE,NA,NA,2,FALSE,NA,NA,NA,NA,NA,NA,NA,NA,NA,NA,NA,"no",NA,NA,NA,NA,NA,NA,NA,NA,NA,NA,NA,NA,NA,NA,NA,NA,NA,NA,NA,NA,NA,NA,NA,NA,NA,NA,NA,NA,NA,NA,NA,NA,NA,NA,NA,NA,NA,NA,NA,NA,NA,NA,NA,NA,NA,NA,NA,NA,NA,NA,NA,NA,NA,NA,NA,NA,NA,NA,NA
"34uJtlPnKicSaX1V8_tu1A","The Venetian Resort Hotel Casino",2079,4,NA,NA,TRUE,TRUE,TRUE,3,FALSE,"full_bar",NA,NA,"casual",NA,TRUE,NA,NA,FALSE,TRUE,TRUE,"free",NA,NA,TRUE,NA,NA,NA,NA,NA,NA,NA,NA,NA,NA,NA,NA,NA,NA,NA,NA,NA,NA,TRUE,TRUE,TRUE,TRUE,TRUE,TRUE,TRUE,FALSE,FALSE,FALSE,TRUE,NA,NA,NA,NA,NA,NA,NA,NA,NA,NA,NA,NA,NA,NA,NA,NA,NA,NA,NA,NA,NA,NA,NA,NA,NA,NA,NA
"DUdBbrvqfaqUe9GYKmYNtA","The Mirage",1172,3.5,NA,NA,TRUE,TRUE,TRUE,2,FALSE,"full_bar","average",TRUE,"casual",NA,FALSE,NA,NA,TRUE,TRUE,TRUE,"paid",TRUE,NA,TRUE,NA,NA,NA,NA,NA,FALSE,NA,NA,NA,FALSE,FALSE,FALSE,FALSE,FALSE,TRUE,FALSE,FALSE,TRUE,FALSE,TRUE,FALSE,FALSE,FALSE,FALSE,TRUE,FALSE,FALSE,FALSE,TRUE,NA,NA,NA,NA,NA,NA,NA,NA,NA,NA,NA,NA,NA,NA,NA,NA,NA,NA,NA,NA,NA,NA,NA,NA,NA,NA,NA
"_v6HIliEOn0l0YaAmBOrxw","Treasure Island, LLC",1436,3,FALSE,TRUE,TRUE,TRUE,TRUE,2,FALSE,"full_bar","average",TRUE,NA,FALSE,FALSE,FALSE,"yes",FALSE,FALSE,NA,"paid",FALSE,NA,TRUE,NA,NA,NA,NA,NA,FALSE,NA,NA,NA,FALSE,FALSE,FALSE,FALSE,FALSE,FALSE,FALSE,FALSE,TRUE,NA,NA,NA,NA,NA,NA,TRUE,FALSE,FALSE,FALSE,TRUE,TRUE,FALSE,FALSE,FALSE,FALSE,FALSE,NA,NA,NA,NA,NA,NA,NA,NA,NA,NA,NA,NA,NA,NA,NA,NA,NA,NA,NA,NA,NA
"CrlViaCIcMeQuZc63tbdQA","Imperial Palace Hotel & Casino",780,2.5,NA,NA,TRUE,NA,NA,1,FALSE,NA,NA,NA,NA,NA,NA,NA,NA,NA,NA,NA,"paid",NA,NA,NA,NA,NA,NA,NA,NA,NA,NA,NA,NA,NA,NA,NA,NA,NA,NA,NA,NA,NA,NA,NA,NA,NA,NA,NA,NA,NA,NA,NA,NA,NA,NA,NA,NA,NA,NA,NA,NA,NA,NA,NA,NA,NA,NA,NA,NA,NA,NA,NA,NA,NA,NA,NA,NA,NA,NA,NA
"dpIPCsPA4puLvPRkqukmDw","Boardwalk Hotel & Casino",11,3,NA,NA,NA,FALSE,NA,NA,FALSE,NA,NA,NA,NA,FALSE,FALSE,NA,NA,FALSE,NA,NA,NA,NA,NA,NA,NA,NA,NA,NA,NA,NA,NA,NA,NA,FALSE,FALSE,FALSE,FALSE,FALSE,FALSE,FALSE,FALSE,FALSE,NA,NA,NA,NA,NA,NA,NA,NA,NA,NA,NA,NA,NA,NA,NA,NA,NA,NA,NA,NA,NA,NA,NA,NA,NA,NA,NA,NA,NA,NA,NA,NA,NA,NA,NA,NA,NA,NA
"rEiyb2uYjaL-MrVRmndOkw","Sahara Hotel",192,2.5,NA,NA,TRUE,NA,NA,1,FALSE,NA,NA,NA,NA,NA,NA,NA,NA,NA,NA,NA,"no",NA,NA,NA,NA,NA,NA,NA,NA,NA,NA,NA,NA,NA,NA,NA,NA,NA,NA,NA,NA,NA,NA,NA,NA,NA,NA,NA,NA,NA,NA,NA,NA,NA,NA,NA,NA,NA,NA,NA,NA,NA,NA,NA,NA,NA,NA,NA,NA,NA,NA,NA,NA,NA,NA,NA,NA,NA,NA,NA
"NGJDjdiDJHmN2xxU7KauuA","Flamingo Las Vegas Hotel & Casino",1537,3,NA,NA,TRUE,NA,NA,2,FALSE,NA,NA,NA,NA,NA,NA,NA,NA,NA,NA,NA,"paid",NA,NA,NA,NA,NA,NA,NA,NA,NA,NA,NA,NA,NA,NA,NA,NA,NA,NA,NA,NA,NA,NA,NA,NA,NA,NA,NA,NA,NA,NA,NA,NA,NA,NA,NA,NA,NA,NA,NA,NA,NA,NA,NA,NA,NA,NA,NA,NA,NA,NA,NA,NA,NA,NA,NA,NA,NA,NA,NA
"SUEdQBTVHE9g_kK9tPS7IA","New Frontier Hotel & Casino",11,3.5,NA,NA,NA,NA,NA,NA,NA,NA,NA,NA,NA,NA,NA,NA,NA,NA,NA,NA,NA,NA,NA,NA,NA,NA,NA,NA,NA,NA,NA,NA,NA,NA,NA,NA,NA,NA,NA,NA,NA,NA,NA,NA,NA,NA,NA,NA,NA,NA,NA,NA,NA,NA,NA,NA,NA,NA,NA,NA,NA,NA,NA,NA,NA,NA,NA,NA,NA,NA,NA,NA,NA,NA,NA,NA,NA,NA,NA,NA
"6LM_Klmp3hOP0JmsMCKRqQ","Luxor Hotel And Casino Las Vegas",2127,2.5,NA,TRUE,TRUE,TRUE,FALSE,2,FALSE,"full_bar","average",TRUE,"casual",NA,FALSE,NA,"yes",FALSE,TRUE,TRUE,"no",FALSE,NA,TRUE,NA,NA,NA,NA,FALSE,NA,NA,NA,NA,FALSE,FALSE,FALSE,FALSE,FALSE,TRUE,FALSE,FALSE,FALSE,FALSE,TRUE,TRUE,TRUE,TRUE,TRUE,TRUE,FALSE,FALSE,FALSE,TRUE,TRUE,NA,NA,TRUE,TRUE,FALSE,NA,NA,NA,NA,NA,NA,NA,NA,NA,NA,NA,NA,NA,NA,NA,NA,NA,NA,NA,NA,NA
"TWD8c5-P7w9v-2KX_GSNZQ","Mandalay Bay Resort & Casino",1530,3.5,NA,NA,TRUE,TRUE,TRUE,3,TRUE,"full_bar","average",TRUE,"casual",NA,FALSE,NA,NA,FALSE,TRUE,TRUE,"free",FALSE,NA,NA,NA,NA,NA,NA,NA,NA,NA,NA,NA,FALSE,FALSE,FALSE,FALSE,FALSE,TRUE,FALSE,FALSE,FALSE,FALSE,TRUE,FALSE,TRUE,FALSE,FALSE,TRUE,FALSE,FALSE,FALSE,TRUE,NA,NA,NA,NA,NA,NA,NA,NA,NA,NA,NA,NA,NA,NA,NA,NA,NA,NA,NA,NA,NA,NA,NA,NA,NA,NA,NA
"6gJj6LSZY5HsOhaYpIvQxw","Lago Buffet",210,2.5,NA,NA,TRUE,TRUE,FALSE,2,TRUE,"full_bar","average",FALSE,"casual",NA,FALSE,NA,NA,FALSE,FALSE,TRUE,"no",FALSE,NA,TRUE,FALSE,FALSE,"yes_free",FALSE,TRUE,NA,NA,NA,NA,FALSE,FALSE,FALSE,FALSE,FALSE,FALSE,FALSE,FALSE,TRUE,FALSE,FALSE,TRUE,TRUE,TRUE,TRUE,TRUE,FALSE,FALSE,FALSE,FALSE,NA,NA,NA,NA,NA,NA,NA,NA,NA,NA,NA,NA,NA,NA,NA,NA,NA,NA,NA,NA,NA,NA,NA,NA,NA,NA,NA
"DzL4cUt5AVYRzzT7DHOgxg","The Plaza Hotel and Casino",416,2.5,NA,NA,TRUE,TRUE,FALSE,1,FALSE,"full_bar","loud",TRUE,"casual",NA,FALSE,NA,NA,FALSE,TRUE,TRUE,"paid",FALSE,NA,TRUE,NA,NA,NA,NA,NA,FALSE,NA,NA,NA,FALSE,FALSE,FALSE,FALSE,FALSE,FALSE,FALSE,FALSE,FALSE,FALSE,FALSE,FALSE,FALSE,FALSE,FALSE,TRUE,FALSE,FALSE,FALSE,FALSE,NA,NA,NA,NA,NA,NA,NA,NA,NA,NA,NA,NA,NA,NA,NA,NA,NA,NA,NA,NA,NA,NA,NA,NA,NA,NA,NA
"gRGR8p5pCFT9Pho4VXcMDg","Blue Man Group",663,3.5,NA,NA,NA,NA,NA,NA,TRUE,NA,NA,NA,NA,NA,NA,NA,NA,NA,NA,NA,NA,NA,NA,NA,NA,NA,NA,NA,NA,NA,NA,NA,NA,NA,NA,NA,NA,NA,NA,NA,NA,NA,NA,NA,NA,NA,NA,NA,NA,NA,NA,NA,NA,NA,NA,NA,NA,NA,NA,NA,NA,NA,NA,NA,NA,NA,NA,NA,NA,NA,NA,NA,NA,NA,NA,NA,NA,NA,NA,NA
"mdpVpp3YjNM4OOeIcxKyfw","Main Street Casino Brewing Hotel",210,3.5,NA,NA,TRUE,NA,NA,2,TRUE,NA,NA,NA,NA,NA,NA,NA,NA,NA,NA,NA,"free",NA,NA,NA,NA,NA,NA,NA,NA,NA,NA,NA,NA,NA,NA,NA,NA,NA,NA,NA,NA,NA,NA,NA,NA,NA,NA,NA,NA,NA,NA,NA,NA,NA,NA,NA,NA,NA,NA,NA,NA,NA,NA,NA,NA,NA,NA,NA,NA,NA,NA,NA,NA,NA,NA,NA,NA,NA,NA,NA
"nofTfb0JTYASuOeQCuLfrg","Las Vegas Hilton Sportsbook",37,3.5,NA,NA,NA,NA,NA,NA,FALSE,NA,NA,NA,NA,NA,NA,NA,NA,NA,NA,NA,NA,NA,NA,NA,NA,NA,NA,NA,NA,NA,NA,NA,NA,NA,NA,NA,NA,NA,NA,NA,NA,NA,NA,NA,NA,NA,NA,NA,NA,NA,NA,NA,NA,NA,NA,NA,NA,NA,NA,NA,NA,NA,NA,NA,NA,NA,NA,NA,NA,NA,NA,NA,NA,NA,NA,NA,NA,NA,NA,NA
"Gn7bMxhZgY0bivsthvJWJQ","Bayside Buffet at Mandalay Bay",605,3,NA,NA,TRUE,TRUE,FALSE,2,TRUE,"full_bar","average",FALSE,"casual",NA,FALSE,NA,NA,FALSE,FALSE,TRUE,"no",FALSE,NA,TRUE,FALSE,FALSE,"yes_free",NA,TRUE,NA,FALSE,NA,NA,FALSE,FALSE,FALSE,FALSE,FALSE,FALSE,FALSE,FALSE,TRUE,FALSE,FALSE,FALSE,FALSE,FALSE,TRUE,TRUE,FALSE,FALSE,FALSE,FALSE,NA,NA,NA,NA,NA,NA,NA,NA,NA,NA,NA,NA,NA,NA,NA,NA,NA,NA,NA,NA,NA,NA,NA,NA,NA,NA,NA
"y4Qyf4PPSOHdQFTr3Zi_KA","Red Rock Casino Resort & Spa",811,4,FALSE,TRUE,TRUE,TRUE,TRUE,2,TRUE,"full_bar",NA,NA,"casual",NA,FALSE,FALSE,"yes",FALSE,TRUE,TRUE,"free",NA,NA,TRUE,NA,NA,NA,NA,NA,NA,NA,NA,NA,NA,NA,NA,NA,NA,NA,NA,NA,NA,FALSE,FALSE,FALSE,FALSE,FALSE,FALSE,TRUE,FALSE,FALSE,FALSE,FALSE,TRUE,NA,NA,FALSE,FALSE,FALSE,NA,NA,NA,NA,NA,NA,NA,NA,NA,NA,NA,NA,NA,NA,NA,NA,NA,NA,NA,NA,NA
"bkJ_xtA5M6-w_6B5KB-wDQ","Mermaid's Casino",243,3.5,NA,FALSE,FALSE,TRUE,FALSE,1,FALSE,"full_bar","loud",TRUE,NA,FALSE,NA,FALSE,"yes",NA,NA,NA,NA,NA,NA,TRUE,NA,NA,NA,NA,NA,FALSE,NA,NA,NA,FALSE,FALSE,FALSE,FALSE,TRUE,FALSE,FALSE,FALSE,FALSE,NA,NA,NA,NA,NA,NA,TRUE,TRUE,FALSE,FALSE,FALSE,NA,NA,NA,NA,NA,NA,NA,NA,NA,NA,NA,NA,NA,NA,NA,NA,NA,NA,NA,NA,NA,NA,NA,NA,NA,NA,NA
"z3SyT8blMIhsZNvKJgKcRA","Caesars Palace Las Vegas Hotel & Casino",1336,3.5,NA,NA,TRUE,NA,NA,3,FALSE,NA,NA,NA,NA,NA,NA,NA,NA,NA,NA,NA,"paid",NA,NA,NA,NA,NA,NA,NA,NA,NA,NA,NA,NA,NA,NA,NA,NA,NA,NA,NA,NA,NA,NA,NA,NA,NA,NA,NA,NA,NA,NA,NA,NA,NA,NA,NA,NA,NA,NA,NA,NA,NA,NA,NA,NA,NA,NA,NA,NA,NA,NA,NA,NA,NA,NA,NA,NA,NA,NA,NA
"jvuROJnzRSNR9w5q4wgSlA","Playboy Club",237,3,NA,FALSE,FALSE,TRUE,FALSE,3,FALSE,"full_bar","very_loud",TRUE,NA,TRUE,NA,TRUE,"yes",NA,NA,NA,NA,NA,NA,TRUE,NA,NA,NA,NA,NA,NA,NA,NA,NA,FALSE,FALSE,FALSE,FALSE,FALSE,FALSE,TRUE,TRUE,FALSE,NA,NA,NA,NA,NA,NA,TRUE,FALSE,FALSE,FALSE,TRUE,TRUE,NA,NA,FALSE,FALSE,FALSE,NA,NA,NA,NA,NA,NA,NA,NA,NA,NA,NA,NA,NA,NA,NA,NA,NA,NA,NA,NA,NA
"1fjgZaW6_qTYoAaSCfI-VQ","South Point Hotel, Casino and Spa",772,3.5,FALSE,NA,TRUE,NA,NA,2,TRUE,NA,NA,NA,NA,NA,NA,NA,NA,NA,NA,NA,"free",NA,NA,TRUE,NA,NA,NA,NA,NA,FALSE,NA,NA,NA,NA,NA,NA,NA,NA,NA,NA,NA,NA,NA,NA,NA,NA,NA,NA,TRUE,FALSE,FALSE,FALSE,TRUE,NA,NA,NA,NA,NA,NA,NA,NA,NA,NA,NA,NA,NA,NA,NA,NA,NA,NA,NA,NA,NA,NA,NA,NA,NA,NA,NA
"adv1-kA6k2N4L-e4zULuNg","Fremont Street Experience",804,3.5,NA,TRUE,TRUE,TRUE,TRUE,1,TRUE,"full_bar","loud",TRUE,NA,TRUE,NA,FALSE,"yes",NA,NA,NA,NA,NA,NA,TRUE,NA,NA,NA,NA,NA,FALSE,NA,NA,NA,FALSE,FALSE,FALSE,FALSE,FALSE,TRUE,FALSE,FALSE,FALSE,NA,NA,NA,NA,NA,NA,TRUE,FALSE,FALSE,FALSE,FALSE,NA,NA,NA,TRUE,NA,NA,NA,NA,NA,NA,NA,NA,NA,NA,NA,NA,NA,NA,NA,NA,NA,NA,NA,NA,NA,NA,NA
"QuQn0m6BhNXIOreq_lTCrA","Nevada Landing Hotel & Casino",3,2.5,NA,NA,NA,NA,NA,NA,TRUE,NA,NA,NA,NA,NA,NA,NA,NA,NA,NA,NA,NA,NA,NA,NA,NA,NA,NA,NA,NA,NA,NA,NA,NA,NA,NA,NA,NA,NA,NA,NA,NA,NA,NA,NA,NA,NA,NA,NA,NA,NA,NA,NA,NA,NA,NA,NA,NA,NA,NA,NA,NA,NA,NA,NA,NA,NA,NA,NA,NA,NA,NA,NA,NA,NA,NA,NA,NA,NA,NA,NA
"W3bJN2gbM-BcyNtfNxD_JA","Village Pub Bar & Grill",15,3.5,NA,TRUE,TRUE,TRUE,FALSE,1,FALSE,"full_bar","average",TRUE,"casual",FALSE,FALSE,NA,"yes",TRUE,FALSE,TRUE,"no",NA,NA,TRUE,NA,NA,NA,NA,NA,NA,NA,NA,NA,FALSE,FALSE,FALSE,FALSE,FALSE,FALSE,FALSE,FALSE,FALSE,FALSE,FALSE,FALSE,FALSE,TRUE,FALSE,FALSE,FALSE,FALSE,FALSE,FALSE,FALSE,FALSE,FALSE,FALSE,FALSE,FALSE,NA,NA,NA,NA,NA,NA,NA,NA,NA,NA,NA,NA,NA,NA,NA,NA,NA,NA,NA,NA,NA
"bOvxdXGgqaJSzaOoh-VZLQ","Arizona Charlie's Boulder Casino, Hotel & RV Resort",43,3,NA,NA,TRUE,TRUE,FALSE,1,FALSE,"full_bar","quiet",TRUE,"casual",NA,FALSE,NA,NA,TRUE,TRUE,TRUE,"free",FALSE,NA,NA,NA,NA,NA,NA,NA,FALSE,NA,NA,NA,FALSE,FALSE,FALSE,FALSE,FALSE,FALSE,FALSE,FALSE,FALSE,FALSE,FALSE,FALSE,FALSE,FALSE,TRUE,FALSE,FALSE,FALSE,TRUE,FALSE,NA,NA,NA,NA,NA,NA,NA,NA,NA,NA,NA,NA,NA,NA,NA,NA,NA,NA,NA,NA,NA,NA,NA,NA,NA,NA,NA
"Z2F2FEG0rEVcitxAB3KJGA","Arizona Charlie's Decatur",73,3,NA,NA,TRUE,TRUE,FALSE,1,FALSE,"full_bar","very_loud",TRUE,"casual",NA,FALSE,NA,NA,FALSE,TRUE,TRUE,"paid",NA,NA,TRUE,FALSE,FALSE,"yes_free",NA,FALSE,NA,NA,NA,NA,FALSE,FALSE,FALSE,FALSE,TRUE,FALSE,FALSE,FALSE,FALSE,FALSE,TRUE,FALSE,FALSE,TRUE,FALSE,FALSE,FALSE,FALSE,TRUE,TRUE,NA,NA,NA,NA,NA,NA,NA,NA,NA,NA,NA,NA,NA,NA,NA,NA,NA,NA,NA,NA,NA,NA,NA,NA,NA,NA,NA
"YgNhunvo65zAO1FqS3WdWw","Village Pub and Poker",36,4,NA,TRUE,TRUE,TRUE,FALSE,2,TRUE,"full_bar","average",TRUE,"casual",FALSE,FALSE,FALSE,"yes",TRUE,FALSE,TRUE,"no",FALSE,NA,TRUE,NA,NA,NA,NA,NA,NA,NA,NA,NA,FALSE,FALSE,FALSE,FALSE,FALSE,FALSE,FALSE,FALSE,TRUE,FALSE,FALSE,TRUE,TRUE,TRUE,FALSE,FALSE,FALSE,FALSE,TRUE,FALSE,FALSE,TRUE,FALSE,FALSE,FALSE,FALSE,NA,NA,NA,NA,NA,NA,NA,NA,NA,NA,NA,NA,NA,NA,NA,NA,NA,NA,NA,NA,NA
"uJYw4p59AKh8c8h5yWMdOw","Planet Hollywood Las Vegas Resort & Casino",1714,3,NA,TRUE,TRUE,TRUE,TRUE,2,FALSE,"full_bar","average",TRUE,NA,TRUE,NA,FALSE,"yes",NA,NA,NA,"paid",NA,NA,NA,NA,NA,NA,NA,NA,NA,NA,NA,"21plus",FALSE,FALSE,FALSE,FALSE,FALSE,FALSE,TRUE,FALSE,FALSE,NA,NA,NA,NA,NA,NA,TRUE,FALSE,FALSE,FALSE,FALSE,FALSE,TRUE,FALSE,FALSE,FALSE,FALSE,NA,NA,NA,NA,NA,NA,NA,NA,NA,NA,NA,NA,NA,NA,NA,NA,NA,NA,NA,NA,NA
"bQFhCrHnUuoB8XGllzObSA","Tournament of Kings",247,4,NA,NA,TRUE,TRUE,FALSE,3,TRUE,"full_bar","very_loud",FALSE,"casual",NA,FALSE,NA,NA,FALSE,TRUE,TRUE,"no",FALSE,NA,TRUE,FALSE,NA,"no",NA,TRUE,NA,NA,NA,NA,FALSE,FALSE,FALSE,FALSE,FALSE,TRUE,FALSE,FALSE,FALSE,FALSE,FALSE,FALSE,TRUE,FALSE,FALSE,TRUE,FALSE,FALSE,FALSE,FALSE,NA,NA,NA,NA,NA,NA,NA,NA,NA,NA,NA,NA,NA,NA,NA,NA,NA,NA,NA,NA,NA,NA,NA,NA,NA,NA,NA
"lL-JpRu9pv_TMVTQ3L13sQ","Bill's Gamblin' Hall & Saloon",309,3.5,NA,NA,TRUE,NA,NA,1,FALSE,NA,NA,NA,NA,NA,NA,NA,NA,NA,NA,NA,"paid",NA,NA,NA,NA,NA,NA,NA,NA,NA,NA,NA,NA,NA,NA,NA,NA,NA,NA,NA,NA,NA,NA,NA,NA,NA,NA,NA,NA,NA,NA,NA,NA,NA,NA,NA,NA,NA,NA,NA,NA,NA,NA,NA,NA,NA,NA,NA,NA,NA,NA,NA,NA,NA,NA,NA,NA,NA,NA,NA
"j2KCZNlWnu-L4j0yJ3zAHA","MORE Buffet",366,2.5,NA,NA,TRUE,TRUE,FALSE,2,TRUE,"full_bar","average",FALSE,"casual",NA,FALSE,NA,NA,FALSE,FALSE,FALSE,"no",FALSE,NA,TRUE,NA,NA,NA,NA,NA,NA,NA,NA,NA,FALSE,FALSE,FALSE,FALSE,FALSE,FALSE,FALSE,FALSE,TRUE,FALSE,FALSE,FALSE,FALSE,TRUE,FALSE,TRUE,FALSE,FALSE,FALSE,FALSE,NA,NA,NA,NA,NA,NA,NA,NA,NA,NA,NA,NA,NA,NA,NA,NA,NA,NA,NA,NA,NA,NA,NA,NA,NA,NA,NA
"DkJuphWIh0IAy-W9Zit46A","The Paiza Club",12,5,NA,NA,TRUE,TRUE,FALSE,4,FALSE,"full_bar",NA,TRUE,"casual",NA,FALSE,NA,NA,FALSE,TRUE,TRUE,NA,NA,NA,NA,NA,NA,NA,NA,NA,NA,NA,NA,NA,FALSE,FALSE,FALSE,FALSE,FALSE,FALSE,FALSE,FALSE,FALSE,FALSE,FALSE,FALSE,FALSE,FALSE,FALSE,NA,NA,NA,NA,NA,NA,NA,NA,NA,NA,NA,NA,NA,NA,NA,NA,NA,NA,NA,NA,NA,NA,NA,NA,NA,NA,NA,NA,NA,NA,NA,NA
"q5GwlLkmgtndBqXpKUaqyg","The Volcano",134,4,NA,NA,FALSE,NA,NA,1,TRUE,NA,NA,NA,NA,NA,NA,NA,NA,NA,NA,NA,"no",NA,NA,NA,NA,NA,NA,NA,NA,NA,NA,NA,NA,NA,NA,NA,NA,NA,NA,NA,NA,NA,NA,NA,NA,NA,NA,NA,NA,NA,NA,NA,NA,NA,NA,NA,NA,NA,NA,NA,NA,NA,NA,NA,NA,NA,NA,NA,NA,NA,NA,NA,NA,NA,NA,NA,NA,NA,NA,NA
"UuBZkKnckkRmYt3jFn2gaQ","Circus Buffet",188,2,NA,NA,TRUE,TRUE,FALSE,2,TRUE,"none","average",FALSE,"casual",NA,FALSE,NA,"no",FALSE,FALSE,FALSE,"no",FALSE,NA,TRUE,NA,NA,NA,NA,TRUE,TRUE,NA,NA,NA,FALSE,FALSE,FALSE,FALSE,FALSE,FALSE,FALSE,FALSE,TRUE,FALSE,FALSE,FALSE,FALSE,TRUE,FALSE,TRUE,FALSE,FALSE,FALSE,FALSE,NA,NA,NA,NA,NA,NA,NA,NA,NA,NA,NA,NA,NA,NA,NA,NA,NA,NA,NA,NA,NA,NA,NA,NA,NA,NA,NA
"Jm11YjDPn9l74pbodGQ8hQ","Palms Place",527,3.5,NA,NA,TRUE,NA,NA,3,FALSE,NA,NA,NA,NA,NA,NA,NA,NA,NA,NA,NA,"free",NA,NA,NA,NA,NA,NA,NA,NA,FALSE,NA,NA,NA,NA,NA,NA,NA,NA,NA,NA,NA,NA,NA,NA,NA,NA,NA,NA,NA,NA,NA,NA,NA,NA,NA,NA,NA,NA,NA,NA,NA,NA,NA,NA,NA,NA,NA,NA,NA,NA,NA,NA,NA,NA,NA,NA,NA,NA,NA,NA
"eRRyfI6QVvSviirRF8UGzQ","Encore",1211,4,NA,NA,TRUE,NA,NA,3,FALSE,NA,NA,NA,NA,NA,NA,NA,NA,NA,NA,NA,"paid",NA,NA,NA,NA,NA,NA,NA,NA,NA,NA,NA,NA,NA,NA,NA,NA,NA,NA,NA,NA,NA,NA,NA,NA,NA,NA,NA,TRUE,FALSE,FALSE,FALSE,FALSE,NA,NA,NA,NA,NA,NA,NA,NA,NA,NA,NA,NA,NA,NA,NA,NA,NA,NA,NA,NA,NA,NA,NA,NA,NA,NA,NA
"l8JIAsWIO2-0g7jftcD3nw","Village Pub & Poker",15,4.5,NA,NA,TRUE,TRUE,FALSE,1,FALSE,"full_bar","quiet",TRUE,"casual",NA,FALSE,NA,NA,TRUE,FALSE,TRUE,"free",NA,NA,TRUE,NA,NA,NA,NA,NA,NA,NA,NA,NA,FALSE,FALSE,FALSE,FALSE,FALSE,FALSE,FALSE,FALSE,FALSE,FALSE,FALSE,TRUE,FALSE,FALSE,FALSE,FALSE,FALSE,FALSE,TRUE,FALSE,NA,NA,NA,NA,NA,NA,NA,NA,NA,NA,NA,NA,NA,NA,NA,NA,NA,NA,NA,NA,NA,NA,NA,NA,NA,NA,NA
"nmGVlLtTE-B0QrXxhaiM_Q","Eastside Cannery",121,3.5,NA,NA,NA,NA,NA,NA,FALSE,NA,NA,NA,NA,NA,NA,NA,NA,NA,NA,NA,NA,NA,NA,NA,NA,NA,NA,NA,NA,NA,NA,NA,NA,NA,NA,NA,NA,NA,NA,NA,NA,NA,NA,NA,NA,NA,NA,NA,NA,NA,NA,NA,NA,NA,NA,NA,NA,NA,NA,NA,NA,NA,NA,NA,NA,NA,NA,NA,NA,NA,NA,NA,NA,NA,NA,NA,NA,NA,NA,NA
"opfcusUaTCZQKPSgt0_fMA","MGM Grand Poker Room",52,3.5,NA,NA,TRUE,NA,NA,2,FALSE,NA,NA,NA,NA,NA,NA,NA,NA,NA,NA,NA,NA,NA,NA,NA,NA,NA,NA,NA,NA,NA,NA,NA,NA,NA,NA,NA,NA,NA,NA,NA,NA,NA,NA,NA,NA,NA,NA,NA,NA,NA,NA,NA,NA,NA,NA,NA,NA,NA,NA,NA,NA,NA,NA,NA,NA,NA,NA,NA,NA,NA,NA,NA,NA,NA,NA,NA,NA,NA,NA,NA
"xWumWIkvmmeK15VgaMLaag","Palazzo Race & Sports Book",28,3,NA,TRUE,TRUE,TRUE,FALSE,3,FALSE,"full_bar","average",TRUE,NA,FALSE,NA,TRUE,"outdoor",NA,NA,NA,NA,NA,NA,TRUE,NA,NA,NA,NA,NA,NA,NA,NA,NA,FALSE,FALSE,FALSE,FALSE,FALSE,FALSE,FALSE,FALSE,FALSE,NA,NA,NA,NA,NA,NA,FALSE,FALSE,FALSE,FALSE,FALSE,FALSE,NA,NA,FALSE,TRUE,FALSE,NA,NA,NA,NA,NA,NA,NA,NA,NA,NA,NA,NA,NA,NA,NA,NA,NA,NA,NA,NA,NA
"BuJ40Y7c_ERYmkQGoFb8zQ","The New Tropicana Las Vegas",850,3,NA,NA,TRUE,NA,NA,2,FALSE,NA,NA,NA,NA,NA,NA,NA,NA,NA,NA,NA,"free",NA,NA,NA,NA,NA,NA,NA,NA,NA,NA,NA,NA,NA,NA,NA,NA,NA,NA,NA,NA,NA,NA,NA,NA,NA,NA,NA,NA,NA,NA,NA,NA,NA,NA,NA,NA,NA,NA,NA,NA,NA,NA,NA,NA,NA,NA,NA,NA,NA,NA,NA,NA,NA,NA,NA,NA,NA,NA,NA
"XWtR17je9fXB2LIWi6rImg","Palms Race and Sportsbook",4,4,NA,NA,NA,NA,NA,NA,FALSE,NA,NA,NA,NA,NA,NA,NA,NA,NA,NA,NA,NA,NA,NA,NA,NA,NA,NA,NA,NA,NA,NA,NA,NA,NA,NA,NA,NA,NA,NA,NA,NA,NA,NA,NA,NA,NA,NA,NA,NA,NA,NA,NA,NA,NA,NA,NA,NA,NA,NA,NA,NA,NA,NA,NA,NA,NA,NA,NA,NA,NA,NA,NA,NA,NA,NA,NA,NA,NA,NA,NA
"JpHE7yhMS5ehA9e8WG_ETg","ARIA Hotel & Casino",2440,3.5,NA,NA,TRUE,NA,NA,3,FALSE,NA,NA,NA,NA,NA,NA,NA,NA,NA,NA,NA,"free",NA,NA,NA,NA,NA,NA,NA,NA,NA,NA,NA,NA,NA,NA,NA,NA,NA,NA,NA,NA,NA,NA,NA,NA,NA,NA,NA,NA,NA,NA,NA,NA,NA,NA,NA,NA,NA,NA,NA,NA,NA,NA,NA,NA,NA,NA,NA,NA,NA,NA,NA,NA,NA,NA,NA,NA,NA,NA,NA
"GmU2LLQ3FKEb10L6Dmkr5Q","Silver Nugget Casino",14,2,NA,NA,NA,NA,NA,NA,FALSE,NA,NA,NA,NA,NA,NA,NA,NA,NA,NA,NA,NA,NA,NA,NA,NA,NA,NA,NA,NA,NA,NA,NA,NA,NA,NA,NA,NA,NA,NA,NA,NA,NA,NA,NA,NA,NA,NA,NA,NA,NA,NA,NA,NA,NA,NA,NA,NA,NA,NA,NA,NA,NA,NA,NA,NA,NA,NA,NA,NA,NA,NA,NA,NA,NA,NA,NA,NA,NA,NA,NA
"xXAKgohFaXGdQddKbzAbYA","Wynn Las Vegas Race and Sports Book",21,3.5,NA,NA,NA,NA,NA,NA,FALSE,NA,NA,NA,NA,NA,NA,NA,NA,NA,NA,NA,NA,NA,NA,NA,NA,NA,NA,NA,NA,NA,NA,NA,NA,NA,NA,NA,NA,NA,NA,NA,NA,NA,NA,NA,NA,NA,NA,NA,NA,NA,NA,NA,NA,NA,NA,NA,NA,NA,NA,NA,NA,NA,NA,NA,NA,NA,NA,NA,NA,NA,NA,NA,NA,NA,NA,NA,NA,NA,NA,NA
"2_i7tQoykfXrG1zB6iHSlA","MGM Grand Race & Sports Book",29,3.5,NA,NA,NA,NA,NA,NA,FALSE,NA,NA,NA,NA,NA,NA,NA,NA,NA,NA,NA,NA,NA,NA,NA,NA,NA,NA,NA,NA,NA,NA,NA,NA,NA,NA,NA,NA,NA,NA,NA,NA,NA,NA,NA,NA,NA,NA,NA,NA,NA,NA,NA,NA,NA,NA,NA,NA,NA,NA,NA,NA,NA,NA,NA,NA,NA,NA,NA,NA,NA,NA,NA,NA,NA,NA,NA,NA,NA,NA,NA
"6xxa1ZONUbdG5ZZQhAglzw","Mandalay Bay Sports Book",24,3.5,NA,NA,TRUE,NA,NA,3,FALSE,NA,NA,NA,NA,NA,NA,NA,NA,NA,NA,NA,"paid",NA,NA,NA,NA,NA,NA,NA,NA,NA,NA,NA,NA,NA,NA,NA,NA,NA,NA,NA,NA,NA,NA,NA,NA,NA,NA,NA,NA,NA,NA,NA,NA,NA,NA,NA,NA,NA,NA,NA,NA,NA,NA,NA,NA,NA,NA,NA,NA,NA,NA,NA,NA,NA,NA,NA,NA,NA,NA,NA
"MzbPhJboUwkdthdwkpqmiw","Aces & Ales",167,4,NA,TRUE,TRUE,TRUE,FALSE,2,FALSE,"full_bar","average",TRUE,NA,FALSE,NA,FALSE,"yes",NA,NA,NA,NA,NA,NA,TRUE,NA,NA,NA,NA,NA,NA,NA,NA,NA,FALSE,FALSE,FALSE,FALSE,FALSE,FALSE,FALSE,FALSE,TRUE,NA,NA,NA,NA,NA,NA,FALSE,FALSE,FALSE,TRUE,FALSE,NA,NA,NA,NA,NA,TRUE,NA,NA,NA,NA,NA,NA,NA,NA,NA,NA,NA,NA,NA,NA,NA,NA,NA,NA,NA,NA,NA
"XdhIktl1ViCOQwPjm315iw","Five Star Tavern",3,4,NA,TRUE,TRUE,NA,FALSE,2,NA,"full_bar",NA,NA,NA,NA,FALSE,TRUE,"yes",TRUE,TRUE,FALSE,"free",NA,NA,TRUE,NA,NA,NA,NA,NA,FALSE,NA,NA,NA,NA,NA,NA,NA,NA,NA,NA,NA,NA,NA,NA,NA,NA,NA,NA,FALSE,TRUE,FALSE,TRUE,TRUE,NA,NA,NA,NA,NA,NA,NA,NA,NA,NA,NA,NA,NA,NA,NA,NA,NA,NA,NA,NA,NA,NA,NA,NA,NA,NA,NA
"AtjsjFzalWqJ7S9DUFQ4bw","The Cosmopolitan of Las Vegas",2510,4,NA,NA,TRUE,TRUE,TRUE,3,FALSE,"full_bar","very_loud",TRUE,"dressy",NA,TRUE,NA,NA,TRUE,TRUE,TRUE,"free",TRUE,NA,NA,NA,NA,NA,NA,NA,NA,NA,NA,NA,FALSE,FALSE,FALSE,FALSE,FALSE,FALSE,TRUE,TRUE,FALSE,FALSE,TRUE,FALSE,TRUE,FALSE,FALSE,TRUE,FALSE,FALSE,FALSE,TRUE,NA,NA,NA,NA,NA,NA,NA,NA,NA,NA,NA,NA,NA,NA,NA,NA,NA,NA,NA,NA,NA,NA,NA,NA,NA,NA,NA
"krQRgv8qWEHzyUlqw-Tgtw","L'art De Paris",3,3.5,NA,NA,NA,NA,NA,NA,NA,NA,NA,NA,NA,NA,NA,NA,NA,NA,NA,NA,NA,NA,NA,NA,NA,NA,NA,NA,NA,NA,NA,NA,NA,NA,NA,NA,NA,NA,NA,NA,NA,NA,NA,NA,NA,NA,NA,NA,NA,NA,NA,NA,NA,NA,NA,NA,NA,NA,NA,NA,NA,NA,NA,NA,NA,NA,NA,NA,NA,NA,NA,NA,NA,NA,NA,NA,NA,NA,NA,NA
"-QMaaz6TS5DGuxyMg8kxQg","Outpost Saloon",13,3.5,NA,TRUE,TRUE,TRUE,FALSE,1,FALSE,"full_bar","average",TRUE,NA,TRUE,NA,FALSE,"yes",NA,NA,NA,NA,NA,NA,NA,NA,NA,NA,NA,NA,NA,NA,NA,NA,FALSE,FALSE,FALSE,FALSE,FALSE,FALSE,FALSE,FALSE,TRUE,NA,NA,NA,NA,NA,NA,FALSE,FALSE,FALSE,FALSE,FALSE,TRUE,FALSE,TRUE,FALSE,FALSE,FALSE,NA,NA,NA,NA,NA,NA,NA,NA,NA,NA,NA,NA,NA,NA,NA,NA,NA,NA,NA,NA,NA
"miKaK3F7rzPeBP1MSWh7Xw","Siegel Slots & Suites",7,2.5,NA,NA,TRUE,NA,NA,NA,FALSE,NA,NA,NA,NA,NA,NA,NA,NA,NA,NA,NA,NA,NA,NA,NA,NA,NA,NA,NA,NA,NA,NA,NA,NA,NA,NA,NA,NA,NA,NA,NA,NA,NA,NA,NA,NA,NA,NA,NA,NA,NA,NA,NA,NA,NA,NA,NA,NA,NA,NA,NA,NA,NA,NA,NA,NA,NA,NA,NA,NA,NA,NA,NA,NA,NA,NA,NA,NA,NA,NA,NA
"vT12uXtdBQ10_lUcl-M40w","Bally's Las Vegas Hotel & Casino",858,3,NA,NA,TRUE,TRUE,NA,2,FALSE,NA,NA,NA,NA,NA,NA,NA,NA,NA,TRUE,NA,"paid",NA,NA,TRUE,NA,NA,NA,NA,NA,NA,NA,NA,NA,NA,NA,NA,NA,NA,NA,NA,NA,NA,NA,NA,NA,NA,NA,NA,TRUE,FALSE,FALSE,FALSE,TRUE,NA,NA,NA,NA,NA,NA,NA,NA,NA,NA,NA,NA,NA,NA,NA,FALSE,FALSE,TRUE,TRUE,FALSE,NA,NA,NA,NA,NA,NA,NA
"BRRL3DyIV60DP1Se5Rm2LQ","Golden Nugget Poker Room",13,3.5,NA,NA,NA,NA,NA,NA,FALSE,NA,NA,NA,NA,NA,NA,NA,NA,NA,NA,NA,NA,NA,NA,NA,NA,NA,NA,NA,NA,NA,NA,NA,NA,NA,NA,NA,NA,NA,NA,NA,NA,NA,NA,NA,NA,NA,NA,NA,NA,NA,NA,NA,NA,NA,NA,NA,NA,NA,NA,NA,NA,NA,NA,NA,NA,NA,NA,NA,NA,NA,NA,NA,NA,NA,NA,NA,NA,NA,NA,NA
"aoCGSKLniS0SVX-w_U8ANQ","Bellagio Poker Room",30,3,NA,NA,TRUE,NA,NA,4,FALSE,NA,NA,NA,NA,NA,NA,NA,NA,NA,NA,NA,"paid",NA,NA,NA,NA,NA,NA,NA,NA,NA,NA,NA,NA,NA,NA,NA,NA,NA,NA,NA,NA,NA,NA,NA,NA,NA,NA,NA,NA,NA,NA,NA,NA,NA,NA,NA,NA,NA,NA,NA,NA,NA,NA,NA,NA,NA,NA,NA,NA,NA,NA,NA,NA,NA,NA,NA,NA,NA,NA,NA
"LbRlPG7EQXsGswIowa20ag","The Venetian Poker Room",76,4.5,NA,NA,NA,NA,NA,NA,FALSE,NA,NA,NA,NA,NA,NA,NA,NA,NA,NA,NA,NA,NA,NA,NA,NA,NA,NA,NA,NA,NA,NA,NA,NA,NA,NA,NA,NA,NA,NA,NA,NA,NA,NA,NA,NA,NA,NA,NA,NA,NA,NA,NA,NA,NA,NA,NA,NA,NA,NA,NA,NA,NA,NA,NA,NA,NA,NA,NA,NA,NA,NA,NA,NA,NA,NA,NA,NA,NA,NA,NA
"ah6EXwR7jBVKODle-xcD_g","Treasure Island Poker Room",11,3.5,NA,NA,NA,NA,NA,NA,FALSE,NA,NA,NA,NA,NA,NA,NA,NA,NA,NA,NA,NA,NA,NA,NA,NA,NA,NA,NA,NA,NA,NA,NA,NA,NA,NA,NA,NA,NA,NA,NA,NA,NA,NA,NA,NA,NA,NA,NA,NA,NA,NA,NA,NA,NA,NA,NA,NA,NA,NA,NA,NA,NA,NA,NA,NA,NA,NA,NA,NA,NA,NA,NA,NA,NA,NA,NA,NA,NA,NA,NA
"OKb1K7_lrCwSeR5SLzGjJg","ARIA Poker Room",84,4.5,NA,NA,FALSE,NA,NA,2,FALSE,NA,NA,NA,NA,NA,NA,NA,NA,NA,NA,NA,"free",NA,NA,NA,NA,NA,NA,NA,NA,NA,NA,NA,NA,NA,NA,NA,NA,NA,NA,NA,NA,NA,NA,NA,NA,NA,NA,NA,NA,NA,NA,NA,NA,NA,NA,NA,NA,NA,NA,NA,NA,NA,NA,NA,NA,NA,NA,NA,NA,NA,NA,NA,NA,NA,NA,NA,NA,NA,NA,NA
"4YLyPXIDvyfF8E2UluWV5Q","Binion's Poker Room",22,4.5,NA,NA,NA,NA,NA,NA,FALSE,NA,NA,NA,NA,NA,NA,NA,NA,NA,NA,NA,NA,NA,NA,NA,NA,NA,NA,NA,NA,NA,NA,NA,NA,NA,NA,NA,NA,NA,NA,NA,NA,NA,NA,NA,NA,NA,NA,NA,NA,NA,NA,NA,NA,NA,NA,NA,NA,NA,NA,NA,NA,NA,NA,NA,NA,NA,NA,NA,NA,NA,NA,NA,NA,NA,NA,NA,NA,NA,NA,NA
"u4My4M_-YribFziXHgiEDg","El Cortez Cabana Suites",55,3.5,NA,NA,TRUE,NA,NA,2,FALSE,NA,NA,NA,NA,NA,NA,NA,NA,NA,NA,NA,"paid",NA,NA,NA,NA,NA,NA,NA,NA,NA,NA,NA,NA,NA,NA,NA,NA,NA,NA,NA,NA,NA,NA,NA,NA,NA,NA,NA,NA,NA,NA,NA,NA,NA,NA,NA,NA,NA,NA,NA,NA,NA,NA,NA,NA,NA,NA,NA,NA,NA,NA,NA,NA,NA,NA,NA,NA,NA,NA,NA
"C6BAs5y5FnaUg56t0WA7dw","Bingo Room",33,4.5,NA,NA,NA,NA,NA,NA,FALSE,NA,NA,NA,NA,NA,NA,NA,NA,NA,NA,NA,NA,NA,NA,NA,NA,NA,NA,NA,NA,NA,NA,NA,NA,NA,NA,NA,NA,NA,NA,NA,NA,NA,NA,NA,NA,NA,NA,NA,NA,NA,NA,NA,NA,NA,NA,NA,NA,NA,NA,NA,NA,NA,NA,NA,NA,NA,NA,NA,NA,NA,NA,NA,NA,NA,NA,NA,NA,NA,NA,NA
"LImXV3tlsFdbcLsdYI0JwA","Planet Hollywood Poker Room",22,3.5,NA,NA,NA,NA,NA,NA,FALSE,NA,NA,NA,NA,NA,NA,NA,NA,NA,NA,NA,NA,NA,NA,NA,NA,NA,NA,NA,NA,NA,NA,NA,NA,NA,NA,NA,NA,NA,NA,NA,NA,NA,NA,NA,NA,NA,NA,NA,NA,NA,NA,NA,NA,NA,NA,NA,NA,NA,NA,NA,NA,NA,NA,NA,NA,NA,NA,NA,NA,NA,NA,NA,NA,NA,NA,NA,NA,NA,NA,NA
"IjxzgcXb-_PCbxdc8xHrKQ","Flare Bar",3,3.5,NA,NA,NA,NA,NA,NA,FALSE,NA,NA,NA,NA,NA,NA,NA,NA,NA,NA,NA,NA,NA,NA,NA,NA,NA,NA,NA,NA,NA,NA,NA,NA,NA,NA,NA,NA,NA,NA,NA,NA,NA,NA,NA,NA,NA,NA,NA,NA,NA,NA,NA,NA,NA,NA,NA,NA,NA,NA,NA,NA,NA,NA,NA,NA,NA,NA,NA,NA,NA,NA,NA,NA,NA,NA,NA,NA,NA,NA,NA
"ENp-aMgmi-0w5xl47fYUHw","Poker Room",8,3.5,NA,NA,NA,NA,NA,NA,FALSE,NA,NA,NA,NA,NA,NA,NA,NA,NA,NA,NA,NA,NA,NA,NA,NA,NA,NA,NA,NA,NA,NA,NA,NA,NA,NA,NA,NA,NA,NA,NA,NA,NA,NA,NA,NA,NA,NA,NA,NA,NA,NA,NA,NA,NA,NA,NA,NA,NA,NA,NA,NA,NA,NA,NA,NA,NA,NA,NA,NA,NA,NA,NA,NA,NA,NA,NA,NA,NA,NA,NA
"x-_V57bHnHtEjjKb-EqY1Q","Sports Book",10,4,NA,NA,NA,NA,NA,NA,FALSE,NA,NA,NA,NA,NA,NA,NA,NA,NA,NA,NA,NA,NA,NA,NA,NA,NA,NA,NA,NA,NA,NA,NA,NA,NA,NA,NA,NA,NA,NA,NA,NA,NA,NA,NA,NA,NA,NA,NA,NA,NA,NA,NA,NA,NA,NA,NA,NA,NA,NA,NA,NA,NA,NA,NA,NA,NA,NA,NA,NA,NA,NA,NA,NA,NA,NA,NA,NA,NA,NA,NA
"EH4UkW1HsS7-ZeKvk29o0Q","Sigma Derby",14,4.5,NA,NA,NA,NA,NA,NA,FALSE,NA,NA,NA,NA,NA,NA,NA,NA,NA,NA,NA,NA,NA,NA,NA,NA,NA,NA,NA,NA,NA,NA,NA,NA,NA,NA,NA,NA,NA,NA,NA,NA,NA,NA,NA,NA,NA,NA,NA,NA,NA,NA,NA,NA,NA,NA,NA,NA,NA,NA,NA,NA,NA,NA,NA,NA,NA,NA,NA,NA,NA,NA,NA,NA,NA,NA,NA,NA,NA,NA,NA
"gH5qTWVrwai5E8E5rXv5HQ","Silverton Blingo Bingo",4,2.5,NA,NA,NA,NA,NA,NA,FALSE,NA,NA,NA,NA,NA,NA,NA,NA,NA,NA,NA,NA,NA,NA,NA,NA,NA,NA,NA,NA,NA,NA,NA,NA,NA,NA,NA,NA,NA,NA,NA,NA,NA,NA,NA,NA,NA,NA,NA,NA,NA,NA,NA,NA,NA,NA,NA,NA,NA,NA,NA,NA,NA,NA,NA,NA,NA,NA,NA,NA,NA,NA,NA,NA,NA,NA,NA,NA,NA,NA,NA
"7_fiK6AQbcBlAXsoS7QZRw","Margaritaville Casino",73,4,NA,TRUE,TRUE,TRUE,FALSE,2,FALSE,"full_bar","loud",TRUE,"casual",FALSE,FALSE,FALSE,"yes",FALSE,FALSE,FALSE,"paid",FALSE,NA,NA,NA,NA,NA,NA,NA,NA,NA,NA,NA,FALSE,FALSE,FALSE,FALSE,FALSE,FALSE,FALSE,FALSE,TRUE,FALSE,FALSE,TRUE,FALSE,FALSE,FALSE,FALSE,FALSE,FALSE,FALSE,FALSE,FALSE,TRUE,FALSE,FALSE,FALSE,FALSE,NA,NA,NA,NA,NA,NA,NA,NA,NA,NA,NA,NA,NA,NA,NA,NA,NA,NA,NA,NA,NA
"udgL7LJx2tE6LO508o6EbQ","Java Vegas Coffee",11,3,NA,NA,TRUE,NA,FALSE,1,TRUE,NA,NA,NA,NA,NA,NA,NA,NA,NA,NA,NA,"free",NA,NA,NA,NA,NA,NA,NA,NA,NA,NA,NA,NA,NA,NA,NA,NA,NA,NA,NA,NA,NA,NA,NA,NA,NA,NA,NA,TRUE,FALSE,FALSE,FALSE,FALSE,NA,NA,NA,NA,NA,NA,NA,NA,NA,NA,NA,NA,NA,NA,NA,NA,NA,NA,NA,NA,NA,NA,NA,NA,NA,NA,NA
"50-rfWyN_SMETNATI2efoQ","Sugar Factory",33,4,NA,NA,TRUE,TRUE,FALSE,2,TRUE,"none","average",TRUE,"casual",NA,FALSE,NA,NA,FALSE,FALSE,FALSE,"free",FALSE,NA,NA,NA,NA,NA,NA,NA,NA,NA,NA,NA,FALSE,FALSE,FALSE,FALSE,FALSE,FALSE,FALSE,FALSE,TRUE,FALSE,FALSE,FALSE,FALSE,FALSE,FALSE,TRUE,FALSE,FALSE,FALSE,FALSE,NA,NA,NA,NA,NA,NA,NA,NA,NA,NA,NA,NA,NA,NA,NA,NA,NA,NA,NA,NA,NA,NA,NA,NA,NA,NA,NA
"V7aioE9U07XdJbLCpllxEw","The D",316,3,NA,NA,TRUE,NA,NA,2,FALSE,NA,NA,NA,NA,NA,NA,NA,NA,NA,NA,NA,"paid",NA,NA,NA,NA,NA,NA,NA,NA,NA,NA,NA,NA,NA,NA,NA,NA,NA,NA,NA,NA,NA,NA,NA,NA,NA,NA,NA,NA,NA,NA,NA,NA,NA,NA,NA,NA,NA,NA,NA,NA,NA,NA,NA,NA,NA,NA,NA,NA,NA,NA,NA,NA,NA,NA,NA,NA,NA,NA,NA
"jlJpszuv8OBrizwmbsEqvQ","Aztec Inn, Casino & Buffet",6,3,NA,NA,TRUE,TRUE,NA,NA,NA,"full_bar","quiet",NA,NA,NA,NA,NA,NA,TRUE,NA,FALSE,NA,NA,NA,NA,NA,NA,NA,NA,NA,NA,NA,NA,NA,NA,NA,NA,NA,NA,NA,NA,NA,NA,FALSE,FALSE,FALSE,FALSE,FALSE,FALSE,NA,NA,NA,NA,NA,NA,NA,NA,NA,NA,NA,NA,NA,NA,NA,NA,NA,NA,NA,NA,NA,NA,NA,NA,NA,NA,NA,NA,NA,NA,NA,NA
"KNNSG20b8Dena2AxypgUcQ","Monte Carlo Poker Room",7,3.5,NA,NA,NA,NA,NA,NA,FALSE,NA,NA,NA,NA,NA,NA,NA,NA,NA,NA,NA,NA,NA,NA,NA,NA,NA,NA,NA,NA,NA,NA,NA,NA,NA,NA,NA,NA,NA,NA,NA,NA,NA,NA,NA,NA,NA,NA,NA,NA,NA,NA,NA,NA,NA,NA,NA,NA,NA,NA,NA,NA,NA,NA,NA,NA,NA,NA,NA,NA,NA,NA,NA,NA,NA,NA,NA,NA,NA,NA,NA
"B565NzMOmMJGvXDWuzl8sg","Tix4 Tonight",3,3.5,NA,NA,NA,NA,NA,NA,TRUE,NA,NA,NA,NA,NA,NA,NA,NA,NA,NA,NA,NA,NA,NA,NA,NA,NA,NA,NA,NA,NA,NA,NA,NA,NA,NA,NA,NA,NA,NA,NA,NA,NA,NA,NA,NA,NA,NA,NA,NA,NA,NA,NA,NA,NA,NA,NA,NA,NA,NA,NA,NA,NA,NA,NA,NA,NA,NA,NA,NA,NA,NA,NA,NA,NA,NA,NA,NA,NA,NA,NA
"hnp50zf-W0elnBecuPgFmA","South Point Bingo Hall",29,4,NA,NA,FALSE,TRUE,FALSE,2,FALSE,"full_bar","quiet",FALSE,"casual",NA,FALSE,NA,NA,FALSE,FALSE,TRUE,NA,TRUE,NA,NA,NA,NA,NA,NA,NA,NA,NA,NA,NA,FALSE,FALSE,FALSE,FALSE,FALSE,FALSE,FALSE,FALSE,FALSE,NA,NA,NA,NA,NA,NA,FALSE,FALSE,FALSE,FALSE,FALSE,NA,NA,NA,NA,NA,NA,NA,NA,NA,NA,NA,NA,NA,NA,NA,NA,NA,NA,NA,NA,NA,NA,NA,NA,NA,NA,NA
"sxXghOP3KLNYs8Nm9yuNQg","Wynn Poker Room",15,4,NA,NA,NA,NA,NA,NA,FALSE,NA,NA,NA,NA,NA,NA,NA,NA,NA,NA,NA,NA,NA,NA,NA,NA,NA,NA,NA,NA,NA,NA,NA,NA,NA,NA,NA,NA,NA,NA,NA,NA,NA,NA,NA,NA,NA,NA,NA,NA,NA,NA,NA,NA,NA,NA,NA,NA,NA,NA,NA,NA,NA,NA,NA,NA,NA,NA,NA,NA,NA,NA,NA,NA,NA,NA,NA,NA,NA,NA,NA
"ltDmOtjf9XAnjKv8YpQLAw","ARIA Race & Sports Book",11,3.5,NA,NA,NA,NA,NA,NA,FALSE,NA,NA,NA,NA,NA,NA,NA,NA,NA,NA,NA,NA,NA,NA,NA,NA,NA,NA,NA,NA,NA,NA,NA,NA,NA,NA,NA,NA,NA,NA,NA,NA,NA,NA,NA,NA,NA,NA,NA,NA,NA,NA,NA,NA,NA,NA,NA,NA,NA,NA,NA,NA,NA,NA,NA,NA,NA,NA,NA,NA,NA,NA,NA,NA,NA,NA,NA,NA,NA,NA,NA
"008fyQR7HVmsaZHrrZWuLQ","Zarkana by Cirque du Soleil",415,3.5,NA,NA,NA,NA,NA,NA,TRUE,NA,NA,NA,NA,NA,NA,NA,NA,NA,NA,NA,NA,NA,NA,NA,NA,NA,NA,NA,NA,NA,NA,NA,NA,NA,NA,NA,NA,NA,NA,NA,NA,NA,NA,NA,NA,NA,NA,NA,NA,NA,NA,NA,NA,NA,NA,NA,NA,NA,NA,NA,NA,NA,NA,NA,NA,NA,NA,NA,NA,NA,NA,NA,NA,NA,NA,NA,NA,NA,NA,NA
"00ITZP9lfLKPRiCaRnzAtg","Stage Door Casino",7,4,NA,NA,TRUE,TRUE,FALSE,1,FALSE,"full_bar","average",TRUE,NA,TRUE,NA,FALSE,"yes",NA,NA,NA,NA,NA,NA,NA,NA,NA,NA,NA,NA,NA,NA,NA,NA,FALSE,FALSE,FALSE,FALSE,FALSE,FALSE,FALSE,FALSE,FALSE,NA,NA,NA,NA,NA,NA,FALSE,FALSE,FALSE,FALSE,FALSE,NA,NA,NA,NA,NA,FALSE,NA,NA,NA,NA,NA,NA,NA,NA,NA,NA,NA,NA,NA,NA,NA,NA,NA,NA,NA,NA,NA
"HNT9NStdbKHStcxv_LmrUw","Dottys Gaming & Sprits",3,2.5,NA,NA,NA,NA,NA,NA,FALSE,NA,NA,NA,NA,NA,NA,NA,NA,NA,NA,NA,NA,NA,NA,NA,NA,NA,NA,NA,NA,NA,NA,NA,NA,NA,NA,NA,NA,NA,NA,NA,NA,NA,NA,NA,NA,NA,NA,NA,NA,NA,NA,NA,NA,NA,NA,NA,NA,NA,NA,NA,NA,NA,NA,NA,NA,NA,NA,NA,NA,NA,NA,NA,NA,NA,NA,NA,NA,NA,NA,NA
"IMeOq_2Mt1B8RDjfKES3Mg","Nobu Hotel",75,3.5,NA,NA,TRUE,NA,NA,3,FALSE,NA,NA,NA,NA,NA,NA,NA,NA,NA,NA,NA,"paid",NA,NA,NA,NA,NA,NA,NA,NA,NA,NA,NA,NA,NA,NA,NA,NA,NA,NA,NA,NA,NA,NA,NA,NA,NA,NA,NA,NA,NA,NA,NA,NA,NA,NA,NA,NA,NA,NA,NA,NA,NA,NA,NA,NA,NA,NA,NA,NA,NA,NA,NA,NA,NA,NA,NA,NA,NA,NA,NA
"kEC7OlpPnZRxCUyVwq7hig","Hard Rock Hotel & Casino",1270,3,NA,NA,TRUE,TRUE,TRUE,2,FALSE,"full_bar","very_loud",TRUE,"casual",NA,FALSE,NA,NA,FALSE,TRUE,TRUE,"free",FALSE,NA,NA,NA,NA,NA,NA,FALSE,NA,NA,NA,NA,FALSE,FALSE,FALSE,TRUE,FALSE,FALSE,TRUE,FALSE,FALSE,FALSE,TRUE,FALSE,FALSE,FALSE,FALSE,TRUE,FALSE,FALSE,FALSE,TRUE,NA,NA,NA,NA,NA,NA,NA,NA,NA,NA,NA,NA,NA,NA,NA,NA,NA,NA,NA,NA,NA,NA,NA,NA,NA,NA,NA
"8CDbHJAF3MGyBIDRygLw5A","Downtown Grand Las Vegas",287,3.5,NA,TRUE,TRUE,NA,FALSE,2,FALSE,"full_bar",NA,NA,NA,NA,FALSE,TRUE,NA,TRUE,FALSE,TRUE,"paid",TRUE,NA,TRUE,NA,NA,NA,NA,NA,FALSE,NA,NA,NA,NA,NA,NA,NA,NA,NA,NA,NA,NA,NA,NA,NA,NA,NA,NA,FALSE,TRUE,FALSE,FALSE,TRUE,NA,NA,NA,NA,NA,NA,NA,NA,NA,NA,NA,NA,NA,NA,NA,NA,NA,NA,NA,NA,NA,NA,NA,NA,NA,NA,NA
"Q8E7BaMD2g_-xCTcBK8Q8Q","Pho Da Nang",40,3,NA,NA,TRUE,TRUE,FALSE,2,TRUE,"none","loud",TRUE,"casual",NA,FALSE,NA,NA,TRUE,FALSE,FALSE,"no",FALSE,NA,NA,NA,NA,NA,NA,NA,NA,NA,NA,NA,FALSE,FALSE,FALSE,FALSE,FALSE,FALSE,FALSE,FALSE,TRUE,FALSE,FALSE,TRUE,TRUE,FALSE,TRUE,TRUE,FALSE,FALSE,FALSE,FALSE,NA,NA,NA,NA,NA,NA,NA,NA,NA,NA,NA,NA,NA,NA,NA,NA,NA,NA,NA,NA,NA,NA,NA,NA,NA,NA,NA
"A_NmpEANJcLcwZ-rlG-eTw","Monte Carlo Casino",5,3.5,NA,NA,NA,NA,NA,NA,FALSE,NA,NA,NA,NA,NA,NA,NA,NA,NA,NA,NA,NA,NA,NA,NA,NA,NA,NA,NA,NA,NA,NA,NA,NA,NA,NA,NA,NA,NA,NA,NA,NA,NA,NA,NA,NA,NA,NA,NA,NA,NA,NA,NA,NA,NA,NA,NA,NA,NA,NA,NA,NA,NA,NA,NA,NA,NA,NA,NA,NA,NA,NA,NA,NA,NA,NA,NA,NA,NA,NA,NA
"22tYw_yHTyw7eqx4oIeooA","Silver Sevens Hotel and Casino",95,2.5,NA,NA,TRUE,TRUE,FALSE,2,FALSE,"full_bar","very_loud",TRUE,"casual",NA,FALSE,NA,NA,FALSE,TRUE,TRUE,"free",FALSE,NA,NA,NA,NA,NA,NA,NA,NA,NA,NA,NA,FALSE,FALSE,FALSE,FALSE,FALSE,FALSE,FALSE,FALSE,TRUE,FALSE,FALSE,FALSE,FALSE,FALSE,TRUE,FALSE,FALSE,FALSE,TRUE,FALSE,NA,NA,NA,NA,NA,NA,NA,NA,NA,NA,NA,NA,NA,NA,NA,NA,NA,NA,NA,NA,NA,NA,NA,NA,NA,NA,NA
"YzsAPxhvaiJdQwm93VAO1g","tix4tonight Planet Hollywood",5,4,NA,NA,NA,NA,NA,NA,TRUE,NA,NA,NA,NA,NA,NA,NA,NA,NA,NA,NA,NA,NA,NA,NA,NA,NA,NA,NA,NA,NA,NA,NA,NA,NA,NA,NA,NA,NA,NA,NA,NA,NA,NA,NA,NA,NA,NA,NA,NA,NA,NA,NA,NA,NA,NA,NA,NA,NA,NA,NA,NA,NA,NA,NA,NA,NA,NA,NA,NA,NA,NA,NA,NA,NA,NA,NA,NA,NA,NA,NA
"6i8vY-6gCQd5v6lZ8yne5Q","SLS Las Vegas Hotel & Casino",516,3,NA,TRUE,TRUE,TRUE,TRUE,3,FALSE,"full_bar","average",TRUE,NA,TRUE,NA,FALSE,"yes",NA,NA,NA,"free",NA,NA,NA,NA,NA,NA,NA,NA,NA,NA,NA,NA,FALSE,FALSE,FALSE,FALSE,FALSE,FALSE,TRUE,FALSE,FALSE,NA,NA,NA,NA,NA,NA,TRUE,FALSE,FALSE,FALSE,FALSE,TRUE,NA,NA,NA,NA,NA,NA,NA,NA,NA,NA,NA,NA,NA,NA,NA,NA,NA,NA,NA,NA,NA,NA,NA,NA,NA,NA
"LyTXl9IsDEKzXzi3kfEw7w","The Spread Sports Book & Deli",5,4,NA,NA,TRUE,TRUE,FALSE,1,FALSE,"beer_and_wine","average",TRUE,"casual",NA,FALSE,NA,NA,TRUE,FALSE,FALSE,NA,NA,NA,NA,NA,NA,NA,NA,NA,NA,NA,NA,NA,FALSE,FALSE,FALSE,FALSE,FALSE,FALSE,FALSE,FALSE,FALSE,FALSE,FALSE,FALSE,FALSE,FALSE,FALSE,FALSE,FALSE,FALSE,FALSE,FALSE,NA,NA,NA,NA,NA,NA,NA,NA,NA,NA,NA,NA,NA,NA,NA,NA,NA,NA,NA,NA,NA,NA,NA,NA,NA,NA,NA
"hAo8P_2jn5yS_JK13yXBlA","The Coop Show",3,3.5,NA,NA,NA,NA,NA,NA,FALSE,NA,NA,NA,NA,NA,NA,NA,NA,NA,NA,NA,NA,NA,NA,NA,NA,NA,NA,NA,NA,NA,NA,NA,NA,NA,NA,NA,NA,NA,NA,NA,NA,NA,NA,NA,NA,NA,NA,NA,NA,NA,NA,NA,NA,NA,NA,NA,NA,NA,NA,NA,NA,NA,NA,NA,NA,NA,NA,NA,NA,NA,NA,NA,NA,NA,NA,NA,NA,NA,NA,NA
"GELMS90-RDnSuLEFPxnt3w","O'Sheas Casino",268,3.5,NA,NA,TRUE,NA,NA,1,FALSE,NA,NA,NA,NA,NA,NA,NA,NA,NA,NA,NA,"no",NA,NA,NA,NA,NA,NA,NA,NA,NA,NA,NA,NA,NA,NA,NA,NA,NA,NA,NA,NA,NA,NA,NA,NA,NA,NA,NA,NA,NA,NA,NA,NA,NA,NA,NA,NA,NA,NA,NA,NA,NA,NA,NA,NA,NA,NA,NA,NA,NA,NA,NA,NA,NA,NA,NA,NA,NA,NA,NA
"jcxIkv6gSUUJMDRv355P1Q","Mirage Poker Room",3,5,NA,NA,NA,NA,NA,NA,FALSE,NA,NA,NA,NA,NA,NA,NA,NA,NA,NA,NA,NA,NA,NA,NA,NA,NA,NA,NA,NA,NA,NA,NA,NA,NA,NA,NA,NA,NA,NA,NA,NA,NA,NA,NA,NA,NA,NA,NA,NA,NA,NA,NA,NA,NA,NA,NA,NA,NA,NA,NA,NA,NA,NA,NA,NA,NA,NA,NA,NA,NA,NA,NA,NA,NA,NA,NA,NA,NA,NA,NA
"4HLiZsol8xk2-vG4-IPsew","Caesars Palace Race & Sports Book",3,3.5,NA,NA,NA,NA,NA,NA,FALSE,NA,NA,NA,NA,NA,NA,NA,NA,NA,NA,NA,NA,NA,NA,NA,NA,NA,NA,NA,NA,NA,NA,NA,NA,NA,NA,NA,NA,NA,NA,NA,NA,NA,NA,NA,NA,NA,NA,NA,NA,NA,NA,NA,NA,NA,NA,NA,NA,NA,NA,NA,NA,NA,NA,NA,NA,NA,NA,NA,NA,NA,NA,NA,NA,NA,NA,NA,NA,NA,NA,NA
"8z-v_pn00BcnrWs9bacYUQ","The Quad Las Vegas Resort & Casino",617,2,NA,NA,TRUE,NA,NA,2,FALSE,NA,NA,NA,NA,NA,NA,NA,NA,NA,NA,NA,"paid",NA,NA,NA,NA,NA,NA,NA,NA,NA,NA,NA,NA,NA,NA,NA,NA,NA,NA,NA,NA,NA,NA,NA,NA,NA,NA,NA,NA,NA,NA,NA,NA,NA,NA,NA,NA,NA,NA,NA,NA,NA,NA,NA,NA,NA,NA,NA,NA,NA,NA,NA,NA,NA,NA,NA,NA,NA,NA,NA
"d2W8E8cP1hDTm8RrL-PbNQ","UYE: Bingo",5,5,NA,FALSE,FALSE,TRUE,FALSE,1,FALSE,"full_bar","average",TRUE,NA,FALSE,NA,NA,NA,NA,NA,NA,NA,NA,NA,NA,NA,NA,NA,NA,NA,NA,NA,NA,NA,FALSE,FALSE,FALSE,FALSE,FALSE,FALSE,FALSE,FALSE,FALSE,NA,NA,NA,NA,NA,NA,FALSE,FALSE,FALSE,FALSE,FALSE,FALSE,FALSE,FALSE,FALSE,FALSE,FALSE,NA,NA,NA,NA,NA,NA,NA,NA,NA,NA,NA,NA,NA,NA,NA,NA,NA,NA,NA,NA,NA
"AqH7DtECbh1KaolztsNh1g","The Cromwell Las Vegas Resort & Casino",120,3.5,NA,NA,NA,NA,NA,NA,FALSE,NA,NA,NA,NA,NA,NA,NA,NA,NA,NA,NA,NA,NA,NA,NA,NA,NA,NA,NA,NA,NA,NA,NA,NA,NA,NA,NA,NA,NA,NA,NA,NA,NA,NA,NA,NA,NA,NA,NA,NA,NA,NA,NA,NA,NA,NA,NA,NA,NA,NA,NA,NA,NA,NA,NA,NA,NA,NA,NA,NA,NA,NA,NA,NA,NA,NA,NA,NA,NA,NA,NA
"M6lSMGoTEWbUrNs-KRU5Yw","Westgate Las Vegas Resort & Casino",101,1.5,NA,NA,TRUE,NA,NA,2,FALSE,NA,NA,NA,NA,NA,NA,NA,NA,NA,NA,NA,"paid",NA,NA,NA,NA,NA,NA,NA,NA,NA,NA,NA,NA,NA,NA,NA,NA,NA,NA,NA,NA,NA,NA,NA,NA,NA,NA,NA,NA,NA,NA,NA,NA,NA,NA,NA,NA,NA,NA,NA,NA,NA,NA,NA,NA,NA,NA,NA,NA,NA,NA,NA,NA,NA,NA,NA,NA,NA,NA,NA
"UaknmtV16VQIoCOXqHjohA","Westgate Sportbook",4,4,NA,NA,NA,NA,NA,NA,FALSE,NA,NA,NA,NA,NA,NA,NA,NA,NA,NA,NA,NA,NA,NA,NA,NA,NA,NA,NA,NA,NA,NA,NA,NA,NA,NA,NA,NA,NA,NA,NA,NA,NA,NA,NA,NA,NA,NA,NA,NA,NA,NA,NA,NA,NA,NA,NA,NA,NA,NA,NA,NA,NA,NA,NA,NA,NA,NA,NA,NA,NA,NA,NA,NA,NA,NA,NA,NA,NA,NA,NA
"2E3OHy9UBnj3hoVw9RKx-Q","Fulton Street Food Hall",13,4,NA,NA,TRUE,TRUE,FALSE,2,TRUE,"full_bar","quiet",TRUE,"casual",NA,FALSE,NA,NA,TRUE,FALSE,TRUE,"paid",FALSE,NA,NA,NA,NA,NA,NA,NA,NA,NA,NA,NA,FALSE,FALSE,FALSE,FALSE,FALSE,FALSE,FALSE,FALSE,FALSE,FALSE,FALSE,FALSE,FALSE,TRUE,FALSE,FALSE,FALSE,FALSE,FALSE,FALSE,NA,NA,NA,NA,NA,NA,NA,NA,NA,NA,NA,NA,NA,NA,NA,NA,NA,NA,NA,NA,NA,NA,NA,NA,NA,NA,NA
"OL-_vttpc09MWcSxYWeB2Q","The LINQ Hotel & Casino",108,2.5,NA,NA,TRUE,NA,NA,2,FALSE,NA,NA,NA,NA,NA,NA,NA,NA,NA,NA,NA,"free",NA,NA,NA,NA,NA,NA,NA,NA,NA,NA,NA,NA,NA,NA,NA,NA,NA,NA,NA,NA,NA,NA,NA,NA,NA,NA,NA,NA,NA,NA,NA,NA,NA,NA,NA,NA,NA,NA,NA,NA,NA,NA,NA,NA,NA,NA,NA,NA,NA,NA,NA,NA,NA,NA,NA,NA,NA,NA,NA
"2AK5F1rQMXGQ0EsXPjNpqg","Nokturnal Lifestyle",7,5,NA,TRUE,FALSE,TRUE,TRUE,1,FALSE,"full_bar","very_loud",NA,NA,TRUE,NA,NA,NA,NA,NA,NA,NA,NA,NA,NA,NA,NA,NA,NA,NA,NA,NA,NA,NA,FALSE,FALSE,FALSE,FALSE,FALSE,FALSE,FALSE,FALSE,FALSE,NA,NA,NA,NA,NA,NA,FALSE,FALSE,FALSE,FALSE,FALSE,TRUE,NA,NA,NA,NA,NA,NA,NA,NA,NA,NA,NA,NA,NA,NA,NA,NA,NA,NA,NA,NA,NA,NA,NA,NA,NA,NA
